sample_name	files	command
ALMC1	"{'ALMC1_DJ_p27_CL_Whole_T1_A2S4U_K03485_D1KLRACXX_AACCGAGA_L008_': ['/scratch/07467/jwr2735/neoant-pred/dna-fastq/ALMC1_DJ_p27_CL_Whole_T1_A2S4U_K03485_D1KLRACXX_AACCGAGA_L008_R1_001.fastq', '/scratch/07467/jwr2735/neoant-pred/dna-fastq/ALMC1_DJ_p27_CL_Whole_T1_A2S4U_K03485_D1KLRACXX_AACCGAGA_L008_R2_001.fastq', "" -R '@RG\\tID:ALMC1_DJ_p27_CL_Whole_T1_A2S4U_K03485_D1KLRACXX_AACCGAGA_L008_\\tPL:ILLUMINA\\tSM:ALMC1' ""], 'ALMC1_DJ_p27_CL_Whole_T1_A2S4U_K03485_D1KLRACXX_AACCGAGA_L005_': ['/scratch/07467/jwr2735/neoant-pred/dna-fastq/ALMC1_DJ_p27_CL_Whole_T1_A2S4U_K03485_D1KLRACXX_AACCGAGA_L005_R1_001.fastq', '/scratch/07467/jwr2735/neoant-pred/dna-fastq/ALMC1_DJ_p27_CL_Whole_T1_A2S4U_K03485_D1KLRACXX_AACCGAGA_L005_R2_001.fastq', "" -R '@RG\\tID:ALMC1_DJ_p27_CL_Whole_T1_A2S4U_K03485_D1KLRACXX_AACCGAGA_L005_\\tPL:ILLUMINA\\tSM:ALMC1' ""]}"	[]
ALMC2	"{'ALMC2_DJ_p11_CL_Whole_T1_A2S4U_K03479_D1KLRACXX_CATCAAGT_L004_': ['/scratch/07467/jwr2735/neoant-pred/dna-fastq/ALMC2_DJ_p11_CL_Whole_T1_A2S4U_K03479_D1KLRACXX_CATCAAGT_L004_R1_001.fastq', '/scratch/07467/jwr2735/neoant-pred/dna-fastq/ALMC2_DJ_p11_CL_Whole_T1_A2S4U_K03479_D1KLRACXX_CATCAAGT_L004_R2_001.fastq', "" -R '@RG\\tID:ALMC2_DJ_p11_CL_Whole_T1_A2S4U_K03479_D1KLRACXX_CATCAAGT_L004_\\tPL:ILLUMINA\\tSM:ALMC2' ""], 'ALMC2_DJ_p11_CL_Whole_T1_A2S4U_K03479_D1KLRACXX_CATCAAGT_L007_': ['/scratch/07467/jwr2735/neoant-pred/dna-fastq/ALMC2_DJ_p11_CL_Whole_T1_A2S4U_K03479_D1KLRACXX_CATCAAGT_L007_R1_001.fastq', '/scratch/07467/jwr2735/neoant-pred/dna-fastq/ALMC2_DJ_p11_CL_Whole_T1_A2S4U_K03479_D1KLRACXX_CATCAAGT_L007_R2_001.fastq', "" -R '@RG\\tID:ALMC2_DJ_p11_CL_Whole_T1_A2S4U_K03479_D1KLRACXX_CATCAAGT_L007_\\tPL:ILLUMINA\\tSM:ALMC2' ""]}"	[]
AMO1	"{'AMO1_DSMZ_p8_CL_Whole_T1_A1S4U_K02383_D0RWMACXX_ATCACG_L003_': ['/scratch/07467/jwr2735/neoant-pred/dna-fastq/AMO1_DSMZ_p8_CL_Whole_T1_A1S4U_K02383_D0RWMACXX_ATCACG_L003_R1_001.fastq', '/scratch/07467/jwr2735/neoant-pred/dna-fastq/AMO1_DSMZ_p8_CL_Whole_T1_A1S4U_K02383_D0RWMACXX_ATCACG_L003_R2_001.fastq', "" -R '@RG\\tID:AMO1_DSMZ_p8_CL_Whole_T1_A1S4U_K02383_D0RWMACXX_ATCACG_L003_\\tPL:ILLUMINA\\tSM:AMO1' ""], 'AMO1_DSMZ_p8_CL_Whole_T1_A1S4U_K02383_D0RWMACXX_ATCACG_L007_': ['/scratch/07467/jwr2735/neoant-pred/dna-fastq/AMO1_DSMZ_p8_CL_Whole_T1_A1S4U_K02383_D0RWMACXX_ATCACG_L007_R1_001.fastq', '/scratch/07467/jwr2735/neoant-pred/dna-fastq/AMO1_DSMZ_p8_CL_Whole_T1_A1S4U_K02383_D0RWMACXX_ATCACG_L007_R2_001.fastq', "" -R '@RG\\tID:AMO1_DSMZ_p8_CL_Whole_T1_A1S4U_K02383_D0RWMACXX_ATCACG_L007_\\tPL:ILLUMINA\\tSM:AMO1' ""]}"	[]
ANBL6	"{'ANBL6_DJ2_p13_CL_Whole_T1_A2S4U_K03480_D1KLRACXX_CGCTGATC_L005_': ['/scratch/07467/jwr2735/neoant-pred/dna-fastq/ANBL6_DJ2_p13_CL_Whole_T1_A2S4U_K03480_D1KLRACXX_CGCTGATC_L005_R1_001.fastq', '/scratch/07467/jwr2735/neoant-pred/dna-fastq/ANBL6_DJ2_p13_CL_Whole_T1_A2S4U_K03480_D1KLRACXX_CGCTGATC_L005_R2_001.fastq', "" -R '@RG\\tID:ANBL6_DJ2_p13_CL_Whole_T1_A2S4U_K03480_D1KLRACXX_CGCTGATC_L005_\\tPL:ILLUMINA\\tSM:ANBL6' ""], 'ANBL6_DJ2_p13_CL_Whole_T1_A2S4U_K03480_D1KLRACXX_CGCTGATC_L008_': ['/scratch/07467/jwr2735/neoant-pred/dna-fastq/ANBL6_DJ2_p13_CL_Whole_T1_A2S4U_K03480_D1KLRACXX_CGCTGATC_L008_R1_001.fastq', '/scratch/07467/jwr2735/neoant-pred/dna-fastq/ANBL6_DJ2_p13_CL_Whole_T1_A2S4U_K03480_D1KLRACXX_CGCTGATC_L008_R2_001.fastq', "" -R '@RG\\tID:ANBL6_DJ2_p13_CL_Whole_T1_A2S4U_K03480_D1KLRACXX_CGCTGATC_L008_\\tPL:ILLUMINA\\tSM:ANBL6' ""]}"	[]
ARD	"{'ARD_JJKsccE7_p16_CL_Whole_T1_TSE61_K01497_D06VTACXX_CGATGT_L008_': ['/scratch/07467/jwr2735/neoant-pred/dna-fastq/ARD_JJKsccE7_p16_CL_Whole_T1_TSE61_K01497_D06VTACXX_CGATGT_L008_R1_001.fastq', '/scratch/07467/jwr2735/neoant-pred/dna-fastq/ARD_JJKsccE7_p16_CL_Whole_T1_TSE61_K01497_D06VTACXX_CGATGT_L008_R2_001.fastq', "" -R '@RG\\tID:ARD_JJKsccE7_p16_CL_Whole_T1_TSE61_K01497_D06VTACXX_CGATGT_L008_\\tPL:ILLUMINA\\tSM:ARD' ""], 'ARD_JJKsccE7_p16_CL_Whole_T1_TSE61_K01497_D06VTACXX_CGATGT_L007_': ['/scratch/07467/jwr2735/neoant-pred/dna-fastq/ARD_JJKsccE7_p16_CL_Whole_T1_TSE61_K01497_D06VTACXX_CGATGT_L007_R1_001.fastq', '/scratch/07467/jwr2735/neoant-pred/dna-fastq/ARD_JJKsccE7_p16_CL_Whole_T1_TSE61_K01497_D06VTACXX_CGATGT_L007_R2_001.fastq', "" -R '@RG\\tID:ARD_JJKsccE7_p16_CL_Whole_T1_TSE61_K01497_D06VTACXX_CGATGT_L007_\\tPL:ILLUMINA\\tSM:ARD' ""]}"	[]
ARP1	"{'ARP1_JJKsccF8_p20_CL_Whole_T1_TSE61_K01457_D06VTACXX_TGACCA_L008_': ['/scratch/07467/jwr2735/neoant-pred/dna-fastq/ARP1_JJKsccF8_p20_CL_Whole_T1_TSE61_K01457_D06VTACXX_TGACCA_L008_R1_001.fastq', '/scratch/07467/jwr2735/neoant-pred/dna-fastq/ARP1_JJKsccF8_p20_CL_Whole_T1_TSE61_K01457_D06VTACXX_TGACCA_L008_R2_001.fastq', "" -R '@RG\\tID:ARP1_JJKsccF8_p20_CL_Whole_T1_TSE61_K01457_D06VTACXX_TGACCA_L008_\\tPL:ILLUMINA\\tSM:ARP1' ""], 'ARP1_JJKsccF8_p20_CL_Whole_T1_TSE61_K01457_D06VTACXX_TGACCA_L007_': ['/scratch/07467/jwr2735/neoant-pred/dna-fastq/ARP1_JJKsccF8_p20_CL_Whole_T1_TSE61_K01457_D06VTACXX_TGACCA_L007_R1_001.fastq', '/scratch/07467/jwr2735/neoant-pred/dna-fastq/ARP1_JJKsccF8_p20_CL_Whole_T1_TSE61_K01457_D06VTACXX_TGACCA_L007_R2_001.fastq', "" -R '@RG\\tID:ARP1_JJKsccF8_p20_CL_Whole_T1_TSE61_K01457_D06VTACXX_TGACCA_L007_\\tPL:ILLUMINA\\tSM:ARP1' ""]}"	[]
CAG	"{'CAG_JJKsccG6_p17_CL_Whole_T1_TSE61_K01463_D06VTACXX_ACAGTG_L008_': ['/scratch/07467/jwr2735/neoant-pred/dna-fastq/CAG_JJKsccG6_p17_CL_Whole_T1_TSE61_K01463_D06VTACXX_ACAGTG_L008_R1_001.fastq', '/scratch/07467/jwr2735/neoant-pred/dna-fastq/CAG_JJKsccG6_p17_CL_Whole_T1_TSE61_K01463_D06VTACXX_ACAGTG_L008_R2_001.fastq', "" -R '@RG\\tID:CAG_JJKsccG6_p17_CL_Whole_T1_TSE61_K01463_D06VTACXX_ACAGTG_L008_\\tPL:ILLUMINA\\tSM:CAG' ""], 'CAG_JJKsccG6_p17_CL_Whole_T1_TSE61_K01463_D06VTACXX_ACAGTG_L007_': ['/scratch/07467/jwr2735/neoant-pred/dna-fastq/CAG_JJKsccG6_p17_CL_Whole_T1_TSE61_K01463_D06VTACXX_ACAGTG_L007_R1_001.fastq', '/scratch/07467/jwr2735/neoant-pred/dna-fastq/CAG_JJKsccG6_p17_CL_Whole_T1_TSE61_K01463_D06VTACXX_ACAGTG_L007_R2_001.fastq', "" -R '@RG\\tID:CAG_JJKsccG6_p17_CL_Whole_T1_TSE61_K01463_D06VTACXX_ACAGTG_L007_\\tPL:ILLUMINA\\tSM:CAG' ""]}"	[]
COLO677	"{'COLO677_DSMZ_p8_CL_Whole_T1_A1S4U_K02624_D11P7ACXX_ATCACG_L008_': ['/scratch/07467/jwr2735/neoant-pred/dna-fastq/COLO677_DSMZ_p8_CL_Whole_T1_A1S4U_K02624_D11P7ACXX_ATCACG_L008_R1_001.fastq', '/scratch/07467/jwr2735/neoant-pred/dna-fastq/COLO677_DSMZ_p8_CL_Whole_T1_A1S4U_K02624_D11P7ACXX_ATCACG_L008_R2_001.fastq', "" -R '@RG\\tID:COLO677_DSMZ_p8_CL_Whole_T1_A1S4U_K02624_D11P7ACXX_ATCACG_L008_\\tPL:ILLUMINA\\tSM:COLO677' ""], 'COLO677_DSMZ_p8_CL_Whole_T1_A1S4U_K02624_D11P7ACXX_ATCACG_L007_': ['/scratch/07467/jwr2735/neoant-pred/dna-fastq/COLO677_DSMZ_p8_CL_Whole_T1_A1S4U_K02624_D11P7ACXX_ATCACG_L007_R1_001.fastq', '/scratch/07467/jwr2735/neoant-pred/dna-fastq/COLO677_DSMZ_p8_CL_Whole_T1_A1S4U_K02624_D11P7ACXX_ATCACG_L007_R2_001.fastq', "" -R '@RG\\tID:COLO677_DSMZ_p8_CL_Whole_T1_A1S4U_K02624_D11P7ACXX_ATCACG_L007_\\tPL:ILLUMINA\\tSM:COLO677' ""]}"	[]
DP6	"{'DP6_DJ_p7_CL_Whole_T1_A2S4U_K03477_D1KLRACXX_ACATTGGC_L004_': ['/scratch/07467/jwr2735/neoant-pred/dna-fastq/DP6_DJ_p7_CL_Whole_T1_A2S4U_K03477_D1KLRACXX_ACATTGGC_L004_R1_001.fastq', '/scratch/07467/jwr2735/neoant-pred/dna-fastq/DP6_DJ_p7_CL_Whole_T1_A2S4U_K03477_D1KLRACXX_ACATTGGC_L004_R2_001.fastq', "" -R '@RG\\tID:DP6_DJ_p7_CL_Whole_T1_A2S4U_K03477_D1KLRACXX_ACATTGGC_L004_\\tPL:ILLUMINA\\tSM:DP6' ""], 'DP6_DJ_p7_CL_Whole_T1_A2S4U_K03477_D1KLRACXX_ACATTGGC_L007_': ['/scratch/07467/jwr2735/neoant-pred/dna-fastq/DP6_DJ_p7_CL_Whole_T1_A2S4U_K03477_D1KLRACXX_ACATTGGC_L007_R1_001.fastq', '/scratch/07467/jwr2735/neoant-pred/dna-fastq/DP6_DJ_p7_CL_Whole_T1_A2S4U_K03477_D1KLRACXX_ACATTGGC_L007_R2_001.fastq', "" -R '@RG\\tID:DP6_DJ_p7_CL_Whole_T1_A2S4U_K03477_D1KLRACXX_ACATTGGC_L007_\\tPL:ILLUMINA\\tSM:DP6' ""]}"	[]
Delta47	"{'Delta47_JCRB_p16_CL_Whole_T1_A1S4U_K02368_D0RWMACXX_CTTGTA_L001_': ['/scratch/07467/jwr2735/neoant-pred/dna-fastq/Delta47_JCRB_p16_CL_Whole_T1_A1S4U_K02368_D0RWMACXX_CTTGTA_L001_R1_001.fastq', '/scratch/07467/jwr2735/neoant-pred/dna-fastq/Delta47_JCRB_p16_CL_Whole_T1_A1S4U_K02368_D0RWMACXX_CTTGTA_L001_R2_001.fastq', "" -R '@RG\\tID:Delta47_JCRB_p16_CL_Whole_T1_A1S4U_K02368_D0RWMACXX_CTTGTA_L001_\\tPL:ILLUMINA\\tSM:Delta47' ""], 'Delta47_JCRB_p16_CL_Whole_T1_A1S4U_K02368_D0RWMACXX_CTTGTA_L005_': ['/scratch/07467/jwr2735/neoant-pred/dna-fastq/Delta47_JCRB_p16_CL_Whole_T1_A1S4U_K02368_D0RWMACXX_CTTGTA_L005_R1_001.fastq', '/scratch/07467/jwr2735/neoant-pred/dna-fastq/Delta47_JCRB_p16_CL_Whole_T1_A1S4U_K02368_D0RWMACXX_CTTGTA_L005_R2_001.fastq', "" -R '@RG\\tID:Delta47_JCRB_p16_CL_Whole_T1_A1S4U_K02368_D0RWMACXX_CTTGTA_L005_\\tPL:ILLUMINA\\tSM:Delta47' ""]}"	[]
EJM	"{'EJM_DSMZ_p9_CL_Whole_T1_A1S4U_K02375_D0RWMACXX_CGATGT_L006_': ['/scratch/07467/jwr2735/neoant-pred/dna-fastq/EJM_DSMZ_p9_CL_Whole_T1_A1S4U_K02375_D0RWMACXX_CGATGT_L006_R1_001.fastq', '/scratch/07467/jwr2735/neoant-pred/dna-fastq/EJM_DSMZ_p9_CL_Whole_T1_A1S4U_K02375_D0RWMACXX_CGATGT_L006_R2_001.fastq', "" -R '@RG\\tID:EJM_DSMZ_p9_CL_Whole_T1_A1S4U_K02375_D0RWMACXX_CGATGT_L006_\\tPL:ILLUMINA\\tSM:EJM' ""], 'EJM_DSMZ_p9_CL_Whole_T1_A1S4U_K02375_D0RWMACXX_CGATGT_L002_': ['/scratch/07467/jwr2735/neoant-pred/dna-fastq/EJM_DSMZ_p9_CL_Whole_T1_A1S4U_K02375_D0RWMACXX_CGATGT_L002_R1_001.fastq', '/scratch/07467/jwr2735/neoant-pred/dna-fastq/EJM_DSMZ_p9_CL_Whole_T1_A1S4U_K02375_D0RWMACXX_CGATGT_L002_R2_001.fastq', "" -R '@RG\\tID:EJM_DSMZ_p9_CL_Whole_T1_A1S4U_K02375_D0RWMACXX_CGATGT_L002_\\tPL:ILLUMINA\\tSM:EJM' ""]}"	[]
FLAM76	"{'FLAM76_JCRB_p10_CL_Whole_T1_A1S4U_K02369_D0RWMACXX_ATCACG_L001_': ['/scratch/07467/jwr2735/neoant-pred/dna-fastq/FLAM76_JCRB_p10_CL_Whole_T1_A1S4U_K02369_D0RWMACXX_ATCACG_L001_R1_001.fastq', '/scratch/07467/jwr2735/neoant-pred/dna-fastq/FLAM76_JCRB_p10_CL_Whole_T1_A1S4U_K02369_D0RWMACXX_ATCACG_L001_R2_001.fastq', "" -R '@RG\\tID:FLAM76_JCRB_p10_CL_Whole_T1_A1S4U_K02369_D0RWMACXX_ATCACG_L001_\\tPL:ILLUMINA\\tSM:FLAM76' ""], 'FLAM76_JCRB_p10_CL_Whole_T1_A1S4U_K02369_D0RWMACXX_ATCACG_L005_': ['/scratch/07467/jwr2735/neoant-pred/dna-fastq/FLAM76_JCRB_p10_CL_Whole_T1_A1S4U_K02369_D0RWMACXX_ATCACG_L005_R1_001.fastq', '/scratch/07467/jwr2735/neoant-pred/dna-fastq/FLAM76_JCRB_p10_CL_Whole_T1_A1S4U_K02369_D0RWMACXX_ATCACG_L005_R2_001.fastq', "" -R '@RG\\tID:FLAM76_JCRB_p10_CL_Whole_T1_A1S4U_K02369_D0RWMACXX_ATCACG_L005_\\tPL:ILLUMINA\\tSM:FLAM76' ""]}"	[]
FR4	"{'FR4_PLB_p6_CL_Whole_T1_A2S4U_K03457_D1KLRACXX_AAACATCG_L002_': ['/scratch/07467/jwr2735/neoant-pred/dna-fastq/FR4_PLB_p6_CL_Whole_T1_A2S4U_K03457_D1KLRACXX_AAACATCG_L002_R1_001.fastq', '/scratch/07467/jwr2735/neoant-pred/dna-fastq/FR4_PLB_p6_CL_Whole_T1_A2S4U_K03457_D1KLRACXX_AAACATCG_L002_R2_001.fastq', "" -R '@RG\\tID:FR4_PLB_p6_CL_Whole_T1_A2S4U_K03457_D1KLRACXX_AAACATCG_L002_\\tPL:ILLUMINA\\tSM:FR4' ""], 'FR4_PLB_p6_CL_Whole_T1_A2S4U_K03457_D1KLRACXX_AAACATCG_L001_': ['/scratch/07467/jwr2735/neoant-pred/dna-fastq/FR4_PLB_p6_CL_Whole_T1_A2S4U_K03457_D1KLRACXX_AAACATCG_L001_R1_001.fastq', '/scratch/07467/jwr2735/neoant-pred/dna-fastq/FR4_PLB_p6_CL_Whole_T1_A2S4U_K03457_D1KLRACXX_AAACATCG_L001_R2_001.fastq', "" -R '@RG\\tID:FR4_PLB_p6_CL_Whole_T1_A2S4U_K03457_D1KLRACXX_AAACATCG_L001_\\tPL:ILLUMINA\\tSM:FR4' ""]}"	[]
H1112	"{'H1112_PLB_p5_CL_Whole_T1_A2S4U_K03463_D1KLRACXX_CATCAAGT_L001_': ['/scratch/07467/jwr2735/neoant-pred/dna-fastq/H1112_PLB_p5_CL_Whole_T1_A2S4U_K03463_D1KLRACXX_CATCAAGT_L001_R1_001.fastq', '/scratch/07467/jwr2735/neoant-pred/dna-fastq/H1112_PLB_p5_CL_Whole_T1_A2S4U_K03463_D1KLRACXX_CATCAAGT_L001_R2_001.fastq', "" -R '@RG\\tID:H1112_PLB_p5_CL_Whole_T1_A2S4U_K03463_D1KLRACXX_CATCAAGT_L001_\\tPL:ILLUMINA\\tSM:H1112' ""], 'H1112_PLB_p5_CL_Whole_T1_A2S4U_K03463_D1KLRACXX_CATCAAGT_L002_': ['/scratch/07467/jwr2735/neoant-pred/dna-fastq/H1112_PLB_p5_CL_Whole_T1_A2S4U_K03463_D1KLRACXX_CATCAAGT_L002_R1_001.fastq', '/scratch/07467/jwr2735/neoant-pred/dna-fastq/H1112_PLB_p5_CL_Whole_T1_A2S4U_K03463_D1KLRACXX_CATCAAGT_L002_R2_001.fastq', "" -R '@RG\\tID:H1112_PLB_p5_CL_Whole_T1_A2S4U_K03463_D1KLRACXX_CATCAAGT_L002_\\tPL:ILLUMINA\\tSM:H1112' ""]}"	[]
INA6	"{'INA6_PLB_p5_CL_Whole_T1_A2S4U_K03469_D1KLRACXX_AACCGAGA_L003_': ['/scratch/07467/jwr2735/neoant-pred/dna-fastq/INA6_PLB_p5_CL_Whole_T1_A2S4U_K03469_D1KLRACXX_AACCGAGA_L003_R1_001.fastq', '/scratch/07467/jwr2735/neoant-pred/dna-fastq/INA6_PLB_p5_CL_Whole_T1_A2S4U_K03469_D1KLRACXX_AACCGAGA_L003_R2_001.fastq', "" -R '@RG\\tID:INA6_PLB_p5_CL_Whole_T1_A2S4U_K03469_D1KLRACXX_AACCGAGA_L003_\\tPL:ILLUMINA\\tSM:INA6' ""], 'INA6_PLB_p5_CL_Whole_T1_A2S4U_K03469_D1KLRACXX_AACCGAGA_L006_': ['/scratch/07467/jwr2735/neoant-pred/dna-fastq/INA6_PLB_p5_CL_Whole_T1_A2S4U_K03469_D1KLRACXX_AACCGAGA_L006_R1_001.fastq', '/scratch/07467/jwr2735/neoant-pred/dna-fastq/INA6_PLB_p5_CL_Whole_T1_A2S4U_K03469_D1KLRACXX_AACCGAGA_L006_R2_001.fastq', "" -R '@RG\\tID:INA6_PLB_p5_CL_Whole_T1_A2S4U_K03469_D1KLRACXX_AACCGAGA_L006_\\tPL:ILLUMINA\\tSM:INA6' ""]}"	[]
JIM1	"{'JIM1_ECACC_p11_CL_Whole_T1_A1S4U_K02391_D0RWMACXX_TTAGGC_L008_': ['/scratch/07467/jwr2735/neoant-pred/dna-fastq/JIM1_ECACC_p11_CL_Whole_T1_A1S4U_K02391_D0RWMACXX_TTAGGC_L008_R1_001.fastq', '/scratch/07467/jwr2735/neoant-pred/dna-fastq/JIM1_ECACC_p11_CL_Whole_T1_A1S4U_K02391_D0RWMACXX_TTAGGC_L008_R2_001.fastq', "" -R '@RG\\tID:JIM1_ECACC_p11_CL_Whole_T1_A1S4U_K02391_D0RWMACXX_TTAGGC_L008_\\tPL:ILLUMINA\\tSM:JIM1' ""], 'JIM1_ECACC_p11_CL_Whole_T1_A1S4U_K02391_D0RWMACXX_TTAGGC_L004_': ['/scratch/07467/jwr2735/neoant-pred/dna-fastq/JIM1_ECACC_p11_CL_Whole_T1_A1S4U_K02391_D0RWMACXX_TTAGGC_L004_R1_001.fastq', '/scratch/07467/jwr2735/neoant-pred/dna-fastq/JIM1_ECACC_p11_CL_Whole_T1_A1S4U_K02391_D0RWMACXX_TTAGGC_L004_R2_001.fastq', "" -R '@RG\\tID:JIM1_ECACC_p11_CL_Whole_T1_A1S4U_K02391_D0RWMACXX_TTAGGC_L004_\\tPL:ILLUMINA\\tSM:JIM1' ""]}"	[]
JIM3	"{'JIM3_ECACC_p5_CL_Whole_T1_A2S4U_K03478_D1KLRACXX_CAGATCTG_L007_': ['/scratch/07467/jwr2735/neoant-pred/dna-fastq/JIM3_ECACC_p5_CL_Whole_T1_A2S4U_K03478_D1KLRACXX_CAGATCTG_L007_R1_001.fastq', '/scratch/07467/jwr2735/neoant-pred/dna-fastq/JIM3_ECACC_p5_CL_Whole_T1_A2S4U_K03478_D1KLRACXX_CAGATCTG_L007_R2_001.fastq', "" -R '@RG\\tID:JIM3_ECACC_p5_CL_Whole_T1_A2S4U_K03478_D1KLRACXX_CAGATCTG_L007_\\tPL:ILLUMINA\\tSM:JIM3' ""], 'JIM3_ECACC_p5_CL_Whole_T1_A2S4U_K03478_D1KLRACXX_CAGATCTG_L004_': ['/scratch/07467/jwr2735/neoant-pred/dna-fastq/JIM3_ECACC_p5_CL_Whole_T1_A2S4U_K03478_D1KLRACXX_CAGATCTG_L004_R1_001.fastq', '/scratch/07467/jwr2735/neoant-pred/dna-fastq/JIM3_ECACC_p5_CL_Whole_T1_A2S4U_K03478_D1KLRACXX_CAGATCTG_L004_R2_001.fastq', "" -R '@RG\\tID:JIM3_ECACC_p5_CL_Whole_T1_A2S4U_K03478_D1KLRACXX_CAGATCTG_L004_\\tPL:ILLUMINA\\tSM:JIM3' ""]}"	[]
JJN3	"{'JJN3_DSMZ_p8_CL_Whole_T1_A1S4U_K02376_D0RWMACXX_TGACCA_L006_': ['/scratch/07467/jwr2735/neoant-pred/dna-fastq/JJN3_DSMZ_p8_CL_Whole_T1_A1S4U_K02376_D0RWMACXX_TGACCA_L006_R1_001.fastq', '/scratch/07467/jwr2735/neoant-pred/dna-fastq/JJN3_DSMZ_p8_CL_Whole_T1_A1S4U_K02376_D0RWMACXX_TGACCA_L006_R2_001.fastq', "" -R '@RG\\tID:JJN3_DSMZ_p8_CL_Whole_T1_A1S4U_K02376_D0RWMACXX_TGACCA_L006_\\tPL:ILLUMINA\\tSM:JJN3' ""], 'JJN3_DSMZ_p8_CL_Whole_T1_A1S4U_K02376_D0RWMACXX_TGACCA_L002_': ['/scratch/07467/jwr2735/neoant-pred/dna-fastq/JJN3_DSMZ_p8_CL_Whole_T1_A1S4U_K02376_D0RWMACXX_TGACCA_L002_R1_001.fastq', '/scratch/07467/jwr2735/neoant-pred/dna-fastq/JJN3_DSMZ_p8_CL_Whole_T1_A1S4U_K02376_D0RWMACXX_TGACCA_L002_R2_001.fastq', "" -R '@RG\\tID:JJN3_DSMZ_p8_CL_Whole_T1_A1S4U_K02376_D0RWMACXX_TGACCA_L002_\\tPL:ILLUMINA\\tSM:JJN3' ""]}"	[]
JK6L	"{'JK6L_PLB_p5_CL_Whole_T1_A2S4U_K03467_D1KLRACXX_AGTACAAG_L003_': ['/scratch/07467/jwr2735/neoant-pred/dna-fastq/JK6L_PLB_p5_CL_Whole_T1_A2S4U_K03467_D1KLRACXX_AGTACAAG_L003_R1_001.fastq', '/scratch/07467/jwr2735/neoant-pred/dna-fastq/JK6L_PLB_p5_CL_Whole_T1_A2S4U_K03467_D1KLRACXX_AGTACAAG_L003_R2_001.fastq', "" -R '@RG\\tID:JK6L_PLB_p5_CL_Whole_T1_A2S4U_K03467_D1KLRACXX_AGTACAAG_L003_\\tPL:ILLUMINA\\tSM:JK6L' ""], 'JK6L_PLB_p5_CL_Whole_T1_A2S4U_K03467_D1KLRACXX_AGTACAAG_L006_': ['/scratch/07467/jwr2735/neoant-pred/dna-fastq/JK6L_PLB_p5_CL_Whole_T1_A2S4U_K03467_D1KLRACXX_AGTACAAG_L006_R1_001.fastq', '/scratch/07467/jwr2735/neoant-pred/dna-fastq/JK6L_PLB_p5_CL_Whole_T1_A2S4U_K03467_D1KLRACXX_AGTACAAG_L006_R2_001.fastq', "" -R '@RG\\tID:JK6L_PLB_p5_CL_Whole_T1_A2S4U_K03467_D1KLRACXX_AGTACAAG_L006_\\tPL:ILLUMINA\\tSM:JK6L' ""]}"	[]
JMW1	"{'JMW1_PLB_p6_CL_Whole_T1_A2S4U_K03474_D1KLRACXX_ATGCCTAA_L004_': ['/scratch/07467/jwr2735/neoant-pred/dna-fastq/JMW1_PLB_p6_CL_Whole_T1_A2S4U_K03474_D1KLRACXX_ATGCCTAA_L004_R1_001.fastq', '/scratch/07467/jwr2735/neoant-pred/dna-fastq/JMW1_PLB_p6_CL_Whole_T1_A2S4U_K03474_D1KLRACXX_ATGCCTAA_L004_R2_001.fastq', "" -R '@RG\\tID:JMW1_PLB_p6_CL_Whole_T1_A2S4U_K03474_D1KLRACXX_ATGCCTAA_L004_\\tPL:ILLUMINA\\tSM:JMW1' ""], 'JMW1_PLB_p6_CL_Whole_T1_A2S4U_K03474_D1KLRACXX_ATGCCTAA_L007_': ['/scratch/07467/jwr2735/neoant-pred/dna-fastq/JMW1_PLB_p6_CL_Whole_T1_A2S4U_K03474_D1KLRACXX_ATGCCTAA_L007_R1_001.fastq', '/scratch/07467/jwr2735/neoant-pred/dna-fastq/JMW1_PLB_p6_CL_Whole_T1_A2S4U_K03474_D1KLRACXX_ATGCCTAA_L007_R2_001.fastq', "" -R '@RG\\tID:JMW1_PLB_p6_CL_Whole_T1_A2S4U_K03474_D1KLRACXX_ATGCCTAA_L007_\\tPL:ILLUMINA\\tSM:JMW1' ""]}"	[]
KAS61	"{'KAS61_DJ_p5_CL_Whole_T1_A2S4U_K03468_D1KLRACXX_AACAACCA_L003_': ['/scratch/07467/jwr2735/neoant-pred/dna-fastq/KAS61_DJ_p5_CL_Whole_T1_A2S4U_K03468_D1KLRACXX_AACAACCA_L003_R1_001.fastq', '/scratch/07467/jwr2735/neoant-pred/dna-fastq/KAS61_DJ_p5_CL_Whole_T1_A2S4U_K03468_D1KLRACXX_AACAACCA_L003_R2_001.fastq', "" -R '@RG\\tID:KAS61_DJ_p5_CL_Whole_T1_A2S4U_K03468_D1KLRACXX_AACAACCA_L003_\\tPL:ILLUMINA\\tSM:KAS61' ""], 'KAS61_DJ_p5_CL_Whole_T1_A2S4U_K03468_D1KLRACXX_AACAACCA_L006_': ['/scratch/07467/jwr2735/neoant-pred/dna-fastq/KAS61_DJ_p5_CL_Whole_T1_A2S4U_K03468_D1KLRACXX_AACAACCA_L006_R1_001.fastq', '/scratch/07467/jwr2735/neoant-pred/dna-fastq/KAS61_DJ_p5_CL_Whole_T1_A2S4U_K03468_D1KLRACXX_AACAACCA_L006_R2_001.fastq', "" -R '@RG\\tID:KAS61_DJ_p5_CL_Whole_T1_A2S4U_K03468_D1KLRACXX_AACAACCA_L006_\\tPL:ILLUMINA\\tSM:KAS61' ""]}"	[]
KHM11	"{'KHM11_PLB_p7_CL_Whole_T1_A2S4U_K03462_D1KLRACXX_CAGATCTG_L001_': ['/scratch/07467/jwr2735/neoant-pred/dna-fastq/KHM11_PLB_p7_CL_Whole_T1_A2S4U_K03462_D1KLRACXX_CAGATCTG_L001_R1_001.fastq', '/scratch/07467/jwr2735/neoant-pred/dna-fastq/KHM11_PLB_p7_CL_Whole_T1_A2S4U_K03462_D1KLRACXX_CAGATCTG_L001_R2_001.fastq', "" -R '@RG\\tID:KHM11_PLB_p7_CL_Whole_T1_A2S4U_K03462_D1KLRACXX_CAGATCTG_L001_\\tPL:ILLUMINA\\tSM:KHM11' ""], 'KHM11_PLB_p7_CL_Whole_T1_A2S4U_K03462_D1KLRACXX_CAGATCTG_L002_': ['/scratch/07467/jwr2735/neoant-pred/dna-fastq/KHM11_PLB_p7_CL_Whole_T1_A2S4U_K03462_D1KLRACXX_CAGATCTG_L002_R1_001.fastq', '/scratch/07467/jwr2735/neoant-pred/dna-fastq/KHM11_PLB_p7_CL_Whole_T1_A2S4U_K03462_D1KLRACXX_CAGATCTG_L002_R2_001.fastq', "" -R '@RG\\tID:KHM11_PLB_p7_CL_Whole_T1_A2S4U_K03462_D1KLRACXX_CAGATCTG_L002_\\tPL:ILLUMINA\\tSM:KHM11' ""]}"	[]
KHM1B	"{'KHM1B_JCRB_p12_CL_Whole_T1_A1S4U_K02385_D0RWMACXX_GCCAAT_L003_': ['/scratch/07467/jwr2735/neoant-pred/dna-fastq/KHM1B_JCRB_p12_CL_Whole_T1_A1S4U_K02385_D0RWMACXX_GCCAAT_L003_R1_001.fastq', '/scratch/07467/jwr2735/neoant-pred/dna-fastq/KHM1B_JCRB_p12_CL_Whole_T1_A1S4U_K02385_D0RWMACXX_GCCAAT_L003_R2_001.fastq', "" -R '@RG\\tID:KHM1B_JCRB_p12_CL_Whole_T1_A1S4U_K02385_D0RWMACXX_GCCAAT_L003_\\tPL:ILLUMINA\\tSM:KHM1B' ""], 'KHM1B_JCRB_p12_CL_Whole_T1_A1S4U_K02385_D0RWMACXX_GCCAAT_L007_': ['/scratch/07467/jwr2735/neoant-pred/dna-fastq/KHM1B_JCRB_p12_CL_Whole_T1_A1S4U_K02385_D0RWMACXX_GCCAAT_L007_R1_001.fastq', '/scratch/07467/jwr2735/neoant-pred/dna-fastq/KHM1B_JCRB_p12_CL_Whole_T1_A1S4U_K02385_D0RWMACXX_GCCAAT_L007_R2_001.fastq', "" -R '@RG\\tID:KHM1B_JCRB_p12_CL_Whole_T1_A1S4U_K02385_D0RWMACXX_GCCAAT_L007_\\tPL:ILLUMINA\\tSM:KHM1B' ""]}"	[]
KMM1	"{'KMM1_JCRB_p13_CL_Whole_T1_A1S4U_K02386_D0RWMACXX_CAGATC_L007_': ['/scratch/07467/jwr2735/neoant-pred/dna-fastq/KMM1_JCRB_p13_CL_Whole_T1_A1S4U_K02386_D0RWMACXX_CAGATC_L007_R1_001.fastq', '/scratch/07467/jwr2735/neoant-pred/dna-fastq/KMM1_JCRB_p13_CL_Whole_T1_A1S4U_K02386_D0RWMACXX_CAGATC_L007_R2_001.fastq', "" -R '@RG\\tID:KMM1_JCRB_p13_CL_Whole_T1_A1S4U_K02386_D0RWMACXX_CAGATC_L007_\\tPL:ILLUMINA\\tSM:KMM1' ""], 'KMM1_JCRB_p13_CL_Whole_T1_A1S4U_K02386_D0RWMACXX_CAGATC_L003_': ['/scratch/07467/jwr2735/neoant-pred/dna-fastq/KMM1_JCRB_p13_CL_Whole_T1_A1S4U_K02386_D0RWMACXX_CAGATC_L003_R1_001.fastq', '/scratch/07467/jwr2735/neoant-pred/dna-fastq/KMM1_JCRB_p13_CL_Whole_T1_A1S4U_K02386_D0RWMACXX_CAGATC_L003_R2_001.fastq', "" -R '@RG\\tID:KMM1_JCRB_p13_CL_Whole_T1_A1S4U_K02386_D0RWMACXX_CAGATC_L003_\\tPL:ILLUMINA\\tSM:KMM1' ""]}"	[]
KMS11	"{'KMS11_JCRBsus_p12_CL_Whole_T1_A1S4U_K02378_D11P7ACXX_GATCAG_L006_': ['/scratch/07467/jwr2735/neoant-pred/dna-fastq/KMS11_JCRBsus_p12_CL_Whole_T1_A1S4U_K02378_D11P7ACXX_GATCAG_L006_R1_001.fastq', '/scratch/07467/jwr2735/neoant-pred/dna-fastq/KMS11_JCRBsus_p12_CL_Whole_T1_A1S4U_K02378_D11P7ACXX_GATCAG_L006_R2_001.fastq', "" -R '@RG\\tID:KMS11_JCRBsus_p12_CL_Whole_T1_A1S4U_K02378_D11P7ACXX_GATCAG_L006_\\tPL:ILLUMINA\\tSM:KMS11' ""], 'KMS11_JCRBsus_p12_CL_Whole_T1_A1S4U_K02378_D0RWMACXX_GATCAG_L002_': ['/scratch/07467/jwr2735/neoant-pred/dna-fastq/KMS11_JCRBsus_p12_CL_Whole_T1_A1S4U_K02378_D0RWMACXX_GATCAG_L002_R1_001.fastq', '/scratch/07467/jwr2735/neoant-pred/dna-fastq/KMS11_JCRBsus_p12_CL_Whole_T1_A1S4U_K02378_D0RWMACXX_GATCAG_L002_R2_001.fastq', "" -R '@RG\\tID:KMS11_JCRBsus_p12_CL_Whole_T1_A1S4U_K02378_D0RWMACXX_GATCAG_L002_\\tPL:ILLUMINA\\tSM:KMS11' ""], 'KMS11_JCRBadh_p9_CL_Whole_T1_A1S4U_K02377_D0RWMACXX_ACTTGA_L002_': ['/scratch/07467/jwr2735/neoant-pred/dna-fastq/KMS11_JCRBadh_p9_CL_Whole_T1_A1S4U_K02377_D0RWMACXX_ACTTGA_L002_R1_001.fastq', '/scratch/07467/jwr2735/neoant-pred/dna-fastq/KMS11_JCRBadh_p9_CL_Whole_T1_A1S4U_K02377_D0RWMACXX_ACTTGA_L002_R2_001.fastq', "" -R '@RG\\tID:KMS11_JCRBadh_p9_CL_Whole_T1_A1S4U_K02377_D0RWMACXX_ACTTGA_L002_\\tPL:ILLUMINA\\tSM:KMS11' ""], 'KMS11_JPN_p3_CL_Whole_T1_TSE61_K01047_D06VTACXX_GCCAAT_L008_': ['/scratch/07467/jwr2735/neoant-pred/dna-fastq/KMS11_JPN_p3_CL_Whole_T1_TSE61_K01047_D06VTACXX_GCCAAT_L008_R1_001.fastq', '/scratch/07467/jwr2735/neoant-pred/dna-fastq/KMS11_JPN_p3_CL_Whole_T1_TSE61_K01047_D06VTACXX_GCCAAT_L008_R2_001.fastq', "" -R '@RG\\tID:KMS11_JPN_p3_CL_Whole_T1_TSE61_K01047_D06VTACXX_GCCAAT_L008_\\tPL:ILLUMINA\\tSM:KMS11' ""], 'KMS11_JCRBsus_p12_CL_Whole_T1_A1S4U_K02378_D11P7ACXX_GATCAG_L005_': ['/scratch/07467/jwr2735/neoant-pred/dna-fastq/KMS11_JCRBsus_p12_CL_Whole_T1_A1S4U_K02378_D11P7ACXX_GATCAG_L005_R1_001.fastq', '/scratch/07467/jwr2735/neoant-pred/dna-fastq/KMS11_JCRBsus_p12_CL_Whole_T1_A1S4U_K02378_D11P7ACXX_GATCAG_L005_R2_001.fastq', "" -R '@RG\\tID:KMS11_JCRBsus_p12_CL_Whole_T1_A1S4U_K02378_D11P7ACXX_GATCAG_L005_\\tPL:ILLUMINA\\tSM:KMS11' ""], 'KMS11_JCRBsus_p12_CL_Whole_T1_A1S4U_K02378_D11P7ACXX_GATCAG_L003_': ['/scratch/07467/jwr2735/neoant-pred/dna-fastq/KMS11_JCRBsus_p12_CL_Whole_T1_A1S4U_K02378_D11P7ACXX_GATCAG_L003_R1_001.fastq', '/scratch/07467/jwr2735/neoant-pred/dna-fastq/KMS11_JCRBsus_p12_CL_Whole_T1_A1S4U_K02378_D11P7ACXX_GATCAG_L003_R2_001.fastq', "" -R '@RG\\tID:KMS11_JCRBsus_p12_CL_Whole_T1_A1S4U_K02378_D11P7ACXX_GATCAG_L003_\\tPL:ILLUMINA\\tSM:KMS11' ""], 'KMS11_JPN_p3_CL_Whole_T1_TSE61_K01047_D06VTACXX_GCCAAT_L007_': ['/scratch/07467/jwr2735/neoant-pred/dna-fastq/KMS11_JPN_p3_CL_Whole_T1_TSE61_K01047_D06VTACXX_GCCAAT_L007_R1_001.fastq', '/scratch/07467/jwr2735/neoant-pred/dna-fastq/KMS11_JPN_p3_CL_Whole_T1_TSE61_K01047_D06VTACXX_GCCAAT_L007_R2_001.fastq', "" -R '@RG\\tID:KMS11_JPN_p3_CL_Whole_T1_TSE61_K01047_D06VTACXX_GCCAAT_L007_\\tPL:ILLUMINA\\tSM:KMS11' ""], 'KMS11_JCRBsus_p12_CL_Whole_T1_A1S4U_K02378_D0RWMACXX_GATCAG_L006_': ['/scratch/07467/jwr2735/neoant-pred/dna-fastq/KMS11_JCRBsus_p12_CL_Whole_T1_A1S4U_K02378_D0RWMACXX_GATCAG_L006_R1_001.fastq', '/scratch/07467/jwr2735/neoant-pred/dna-fastq/KMS11_JCRBsus_p12_CL_Whole_T1_A1S4U_K02378_D0RWMACXX_GATCAG_L006_R2_001.fastq', "" -R '@RG\\tID:KMS11_JCRBsus_p12_CL_Whole_T1_A1S4U_K02378_D0RWMACXX_GATCAG_L006_\\tPL:ILLUMINA\\tSM:KMS11' ""], 'KMS11_JCRBadh_p9_CL_Whole_T1_A1S4U_K02377_D0RWMACXX_ACTTGA_L006_': ['/scratch/07467/jwr2735/neoant-pred/dna-fastq/KMS11_JCRBadh_p9_CL_Whole_T1_A1S4U_K02377_D0RWMACXX_ACTTGA_L006_R1_001.fastq', '/scratch/07467/jwr2735/neoant-pred/dna-fastq/KMS11_JCRBadh_p9_CL_Whole_T1_A1S4U_K02377_D0RWMACXX_ACTTGA_L006_R2_001.fastq', "" -R '@RG\\tID:KMS11_JCRBadh_p9_CL_Whole_T1_A1S4U_K02377_D0RWMACXX_ACTTGA_L006_\\tPL:ILLUMINA\\tSM:KMS11' ""], 'KMS11_JCRBsus_p12_CL_Whole_T1_A1S4U_K02378_D11P7ACXX_GATCAG_L004_': ['/scratch/07467/jwr2735/neoant-pred/dna-fastq/KMS11_JCRBsus_p12_CL_Whole_T1_A1S4U_K02378_D11P7ACXX_GATCAG_L004_R1_001.fastq', '/scratch/07467/jwr2735/neoant-pred/dna-fastq/KMS11_JCRBsus_p12_CL_Whole_T1_A1S4U_K02378_D11P7ACXX_GATCAG_L004_R2_001.fastq', "" -R '@RG\\tID:KMS11_JCRBsus_p12_CL_Whole_T1_A1S4U_K02378_D11P7ACXX_GATCAG_L004_\\tPL:ILLUMINA\\tSM:KMS11' ""]}"	[]
KMS12BM	"{'KMS12BM_JCRB_p9_CL_Whole_T1_A1S4U_K02387_D0RWMACXX_TAGCTT_L007_': ['/scratch/07467/jwr2735/neoant-pred/dna-fastq/KMS12BM_JCRB_p9_CL_Whole_T1_A1S4U_K02387_D0RWMACXX_TAGCTT_L007_R1_001.fastq', '/scratch/07467/jwr2735/neoant-pred/dna-fastq/KMS12BM_JCRB_p9_CL_Whole_T1_A1S4U_K02387_D0RWMACXX_TAGCTT_L007_R2_001.fastq', "" -R '@RG\\tID:KMS12BM_JCRB_p9_CL_Whole_T1_A1S4U_K02387_D0RWMACXX_TAGCTT_L007_\\tPL:ILLUMINA\\tSM:KMS12BM' ""], 'KMS12BM_JCRB_p9_CL_Whole_T1_A1S4U_K02387_D0RWMACXX_TAGCTT_L003_': ['/scratch/07467/jwr2735/neoant-pred/dna-fastq/KMS12BM_JCRB_p9_CL_Whole_T1_A1S4U_K02387_D0RWMACXX_TAGCTT_L003_R1_001.fastq', '/scratch/07467/jwr2735/neoant-pred/dna-fastq/KMS12BM_JCRB_p9_CL_Whole_T1_A1S4U_K02387_D0RWMACXX_TAGCTT_L003_R2_001.fastq', "" -R '@RG\\tID:KMS12BM_JCRB_p9_CL_Whole_T1_A1S4U_K02387_D0RWMACXX_TAGCTT_L003_\\tPL:ILLUMINA\\tSM:KMS12BM' ""]}"	[]
KMS12PE	"{'KMS12PE_JCRB_p9_CL_Whole_T1_A1S4U_K02379_D0RWMACXX_GGCTAC_L006_': ['/scratch/07467/jwr2735/neoant-pred/dna-fastq/KMS12PE_JCRB_p9_CL_Whole_T1_A1S4U_K02379_D0RWMACXX_GGCTAC_L006_R1_001.fastq', '/scratch/07467/jwr2735/neoant-pred/dna-fastq/KMS12PE_JCRB_p9_CL_Whole_T1_A1S4U_K02379_D0RWMACXX_GGCTAC_L006_R2_001.fastq', "" -R '@RG\\tID:KMS12PE_JCRB_p9_CL_Whole_T1_A1S4U_K02379_D0RWMACXX_GGCTAC_L006_\\tPL:ILLUMINA\\tSM:KMS12PE' ""], 'KMS12PE_JCRB_p9_CL_Whole_T1_A1S4U_K02379_D0RWMACXX_GGCTAC_L002_': ['/scratch/07467/jwr2735/neoant-pred/dna-fastq/KMS12PE_JCRB_p9_CL_Whole_T1_A1S4U_K02379_D0RWMACXX_GGCTAC_L002_R1_001.fastq', '/scratch/07467/jwr2735/neoant-pred/dna-fastq/KMS12PE_JCRB_p9_CL_Whole_T1_A1S4U_K02379_D0RWMACXX_GGCTAC_L002_R2_001.fastq', "" -R '@RG\\tID:KMS12PE_JCRB_p9_CL_Whole_T1_A1S4U_K02379_D0RWMACXX_GGCTAC_L002_\\tPL:ILLUMINA\\tSM:KMS12PE' ""]}"	[]
KMS18	"{'KMS18_PLB_p12_CL_Whole_T1_A2S4U_K03458_D1KLRACXX_ATGCCTAA_L001_': ['/scratch/07467/jwr2735/neoant-pred/dna-fastq/KMS18_PLB_p12_CL_Whole_T1_A2S4U_K03458_D1KLRACXX_ATGCCTAA_L001_R1_001.fastq', '/scratch/07467/jwr2735/neoant-pred/dna-fastq/KMS18_PLB_p12_CL_Whole_T1_A2S4U_K03458_D1KLRACXX_ATGCCTAA_L001_R2_001.fastq', "" -R '@RG\\tID:KMS18_PLB_p12_CL_Whole_T1_A2S4U_K03458_D1KLRACXX_ATGCCTAA_L001_\\tPL:ILLUMINA\\tSM:KMS18' ""], 'KMS18_PLB_p12_CL_Whole_T1_A2S4U_K03458_D1KLRACXX_ATGCCTAA_L002_': ['/scratch/07467/jwr2735/neoant-pred/dna-fastq/KMS18_PLB_p12_CL_Whole_T1_A2S4U_K03458_D1KLRACXX_ATGCCTAA_L002_R1_001.fastq', '/scratch/07467/jwr2735/neoant-pred/dna-fastq/KMS18_PLB_p12_CL_Whole_T1_A2S4U_K03458_D1KLRACXX_ATGCCTAA_L002_R2_001.fastq', "" -R '@RG\\tID:KMS18_PLB_p12_CL_Whole_T1_A2S4U_K03458_D1KLRACXX_ATGCCTAA_L002_\\tPL:ILLUMINA\\tSM:KMS18' ""]}"	[]
KMS20	"{'KMS20_JCRB_p18_CL_Whole_T1_A1S4U_K02370_D0RWMACXX_TTAGGC_L001_': ['/scratch/07467/jwr2735/neoant-pred/dna-fastq/KMS20_JCRB_p18_CL_Whole_T1_A1S4U_K02370_D0RWMACXX_TTAGGC_L001_R1_001.fastq', '/scratch/07467/jwr2735/neoant-pred/dna-fastq/KMS20_JCRB_p18_CL_Whole_T1_A1S4U_K02370_D0RWMACXX_TTAGGC_L001_R2_001.fastq', "" -R '@RG\\tID:KMS20_JCRB_p18_CL_Whole_T1_A1S4U_K02370_D0RWMACXX_TTAGGC_L001_\\tPL:ILLUMINA\\tSM:KMS20' ""], 'KMS20_JCRB_p18_CL_Whole_T1_A1S4U_K02370_D0RWMACXX_TTAGGC_L005_': ['/scratch/07467/jwr2735/neoant-pred/dna-fastq/KMS20_JCRB_p18_CL_Whole_T1_A1S4U_K02370_D0RWMACXX_TTAGGC_L005_R1_001.fastq', '/scratch/07467/jwr2735/neoant-pred/dna-fastq/KMS20_JCRB_p18_CL_Whole_T1_A1S4U_K02370_D0RWMACXX_TTAGGC_L005_R2_001.fastq', "" -R '@RG\\tID:KMS20_JCRB_p18_CL_Whole_T1_A1S4U_K02370_D0RWMACXX_TTAGGC_L005_\\tPL:ILLUMINA\\tSM:KMS20' ""]}"	[]
KMS21BM	"{'KMS21BM_JCRB_p10_CL_Whole_T1_A1S4U_K02388_D0RWMACXX_CTTGTA_L007_': ['/scratch/07467/jwr2735/neoant-pred/dna-fastq/KMS21BM_JCRB_p10_CL_Whole_T1_A1S4U_K02388_D0RWMACXX_CTTGTA_L007_R1_001.fastq', '/scratch/07467/jwr2735/neoant-pred/dna-fastq/KMS21BM_JCRB_p10_CL_Whole_T1_A1S4U_K02388_D0RWMACXX_CTTGTA_L007_R2_001.fastq', "" -R '@RG\\tID:KMS21BM_JCRB_p10_CL_Whole_T1_A1S4U_K02388_D0RWMACXX_CTTGTA_L007_\\tPL:ILLUMINA\\tSM:KMS21BM' ""], 'KMS21BM_JCRB_p10_CL_Whole_T1_A1S4U_K02388_D0RWMACXX_CTTGTA_L003_': ['/scratch/07467/jwr2735/neoant-pred/dna-fastq/KMS21BM_JCRB_p10_CL_Whole_T1_A1S4U_K02388_D0RWMACXX_CTTGTA_L003_R1_001.fastq', '/scratch/07467/jwr2735/neoant-pred/dna-fastq/KMS21BM_JCRB_p10_CL_Whole_T1_A1S4U_K02388_D0RWMACXX_CTTGTA_L003_R2_001.fastq', "" -R '@RG\\tID:KMS21BM_JCRB_p10_CL_Whole_T1_A1S4U_K02388_D0RWMACXX_CTTGTA_L003_\\tPL:ILLUMINA\\tSM:KMS21BM' ""]}"	[]
KMS26	"{'KMS26_JCRB_p9_CL_Whole_T1_A1S4U_K02392_D0RWMACXX_ATCACG_L008_': ['/scratch/07467/jwr2735/neoant-pred/dna-fastq/KMS26_JCRB_p9_CL_Whole_T1_A1S4U_K02392_D0RWMACXX_ATCACG_L008_R1_001.fastq', '/scratch/07467/jwr2735/neoant-pred/dna-fastq/KMS26_JCRB_p9_CL_Whole_T1_A1S4U_K02392_D0RWMACXX_ATCACG_L008_R2_001.fastq', "" -R '@RG\\tID:KMS26_JCRB_p9_CL_Whole_T1_A1S4U_K02392_D0RWMACXX_ATCACG_L008_\\tPL:ILLUMINA\\tSM:KMS26' ""], 'KMS26_JCRB_p9_CL_Whole_T1_A1S4U_K02392_D0RWMACXX_ATCACG_L004_': ['/scratch/07467/jwr2735/neoant-pred/dna-fastq/KMS26_JCRB_p9_CL_Whole_T1_A1S4U_K02392_D0RWMACXX_ATCACG_L004_R1_001.fastq', '/scratch/07467/jwr2735/neoant-pred/dna-fastq/KMS26_JCRB_p9_CL_Whole_T1_A1S4U_K02392_D0RWMACXX_ATCACG_L004_R2_001.fastq', "" -R '@RG\\tID:KMS26_JCRB_p9_CL_Whole_T1_A1S4U_K02392_D0RWMACXX_ATCACG_L004_\\tPL:ILLUMINA\\tSM:KMS26' ""]}"	[]
KMS27	"{'KMS27_JCRB_p8_CL_Whole_T1_A1S4U_K02393_D0RWMACXX_CGATGT_L004_': ['/scratch/07467/jwr2735/neoant-pred/dna-fastq/KMS27_JCRB_p8_CL_Whole_T1_A1S4U_K02393_D0RWMACXX_CGATGT_L004_R1_001.fastq', '/scratch/07467/jwr2735/neoant-pred/dna-fastq/KMS27_JCRB_p8_CL_Whole_T1_A1S4U_K02393_D0RWMACXX_CGATGT_L004_R2_001.fastq', "" -R '@RG\\tID:KMS27_JCRB_p8_CL_Whole_T1_A1S4U_K02393_D0RWMACXX_CGATGT_L004_\\tPL:ILLUMINA\\tSM:KMS27' ""], 'KMS27_JCRB_p8_CL_Whole_T1_A1S4U_K02393_D0RWMACXX_CGATGT_L008_': ['/scratch/07467/jwr2735/neoant-pred/dna-fastq/KMS27_JCRB_p8_CL_Whole_T1_A1S4U_K02393_D0RWMACXX_CGATGT_L008_R1_001.fastq', '/scratch/07467/jwr2735/neoant-pred/dna-fastq/KMS27_JCRB_p8_CL_Whole_T1_A1S4U_K02393_D0RWMACXX_CGATGT_L008_R2_001.fastq', "" -R '@RG\\tID:KMS27_JCRB_p8_CL_Whole_T1_A1S4U_K02393_D0RWMACXX_CGATGT_L008_\\tPL:ILLUMINA\\tSM:KMS27' ""]}"	[]
KMS28BM	"{'KMS28BM_JCRB_p9_CL_Whole_T1_A1S4U_K02389_D0RWMACXX_TTAGGC_L003_': ['/scratch/07467/jwr2735/neoant-pred/dna-fastq/KMS28BM_JCRB_p9_CL_Whole_T1_A1S4U_K02389_D0RWMACXX_TTAGGC_L003_R1_001.fastq', '/scratch/07467/jwr2735/neoant-pred/dna-fastq/KMS28BM_JCRB_p9_CL_Whole_T1_A1S4U_K02389_D0RWMACXX_TTAGGC_L003_R2_001.fastq', "" -R '@RG\\tID:KMS28BM_JCRB_p9_CL_Whole_T1_A1S4U_K02389_D0RWMACXX_TTAGGC_L003_\\tPL:ILLUMINA\\tSM:KMS28BM' ""], 'KMS28BM_JCRB_p9_CL_Whole_T1_A1S4U_K02389_D0RWMACXX_TTAGGC_L007_': ['/scratch/07467/jwr2735/neoant-pred/dna-fastq/KMS28BM_JCRB_p9_CL_Whole_T1_A1S4U_K02389_D0RWMACXX_TTAGGC_L007_R1_001.fastq', '/scratch/07467/jwr2735/neoant-pred/dna-fastq/KMS28BM_JCRB_p9_CL_Whole_T1_A1S4U_K02389_D0RWMACXX_TTAGGC_L007_R2_001.fastq', "" -R '@RG\\tID:KMS28BM_JCRB_p9_CL_Whole_T1_A1S4U_K02389_D0RWMACXX_TTAGGC_L007_\\tPL:ILLUMINA\\tSM:KMS28BM' ""]}"	[]
KMS28PE	"{'KMS28PE_JCRB_p9_CL_Whole_T1_A1S4U_K02394_D0RWMACXX_TGACCA_L008_': ['/scratch/07467/jwr2735/neoant-pred/dna-fastq/KMS28PE_JCRB_p9_CL_Whole_T1_A1S4U_K02394_D0RWMACXX_TGACCA_L008_R1_001.fastq', '/scratch/07467/jwr2735/neoant-pred/dna-fastq/KMS28PE_JCRB_p9_CL_Whole_T1_A1S4U_K02394_D0RWMACXX_TGACCA_L008_R2_001.fastq', "" -R '@RG\\tID:KMS28PE_JCRB_p9_CL_Whole_T1_A1S4U_K02394_D0RWMACXX_TGACCA_L008_\\tPL:ILLUMINA\\tSM:KMS28PE' ""], 'KMS28PE_JCRB_p9_CL_Whole_T1_A1S4U_K02394_D0RWMACXX_TGACCA_L004_': ['/scratch/07467/jwr2735/neoant-pred/dna-fastq/KMS28PE_JCRB_p9_CL_Whole_T1_A1S4U_K02394_D0RWMACXX_TGACCA_L004_R1_001.fastq', '/scratch/07467/jwr2735/neoant-pred/dna-fastq/KMS28PE_JCRB_p9_CL_Whole_T1_A1S4U_K02394_D0RWMACXX_TGACCA_L004_R2_001.fastq', "" -R '@RG\\tID:KMS28PE_JCRB_p9_CL_Whole_T1_A1S4U_K02394_D0RWMACXX_TGACCA_L004_\\tPL:ILLUMINA\\tSM:KMS28PE' ""]}"	[]
KMS34	"{'KMS34_JCRB_p10_CL_Whole_T1_A1S4U_K02395_D0RWMACXX_ACAGTG_L004_': ['/scratch/07467/jwr2735/neoant-pred/dna-fastq/KMS34_JCRB_p10_CL_Whole_T1_A1S4U_K02395_D0RWMACXX_ACAGTG_L004_R1_001.fastq', '/scratch/07467/jwr2735/neoant-pred/dna-fastq/KMS34_JCRB_p10_CL_Whole_T1_A1S4U_K02395_D0RWMACXX_ACAGTG_L004_R2_001.fastq', "" -R '@RG\\tID:KMS34_JCRB_p10_CL_Whole_T1_A1S4U_K02395_D0RWMACXX_ACAGTG_L004_\\tPL:ILLUMINA\\tSM:KMS34' ""], 'KMS34_JCRB_p10_CL_Whole_T1_A1S4U_K02395_D0RWMACXX_ACAGTG_L008_': ['/scratch/07467/jwr2735/neoant-pred/dna-fastq/KMS34_JCRB_p10_CL_Whole_T1_A1S4U_K02395_D0RWMACXX_ACAGTG_L008_R1_001.fastq', '/scratch/07467/jwr2735/neoant-pred/dna-fastq/KMS34_JCRB_p10_CL_Whole_T1_A1S4U_K02395_D0RWMACXX_ACAGTG_L008_R2_001.fastq', "" -R '@RG\\tID:KMS34_JCRB_p10_CL_Whole_T1_A1S4U_K02395_D0RWMACXX_ACAGTG_L008_\\tPL:ILLUMINA\\tSM:KMS34' ""]}"	[]
KP6	"{'KP6_DJ_p8_CL_Whole_T1_A2S4U_K03481_D1KLRACXX_ACAAGCTA_L005_': ['/scratch/07467/jwr2735/neoant-pred/dna-fastq/KP6_DJ_p8_CL_Whole_T1_A2S4U_K03481_D1KLRACXX_ACAAGCTA_L005_R1_001.fastq', '/scratch/07467/jwr2735/neoant-pred/dna-fastq/KP6_DJ_p8_CL_Whole_T1_A2S4U_K03481_D1KLRACXX_ACAAGCTA_L005_R2_001.fastq', "" -R '@RG\\tID:KP6_DJ_p8_CL_Whole_T1_A2S4U_K03481_D1KLRACXX_ACAAGCTA_L005_\\tPL:ILLUMINA\\tSM:KP6' ""], 'KP6_DJ_p8_CL_Whole_T1_A2S4U_K03481_D1KLRACXX_ACAAGCTA_L008_': ['/scratch/07467/jwr2735/neoant-pred/dna-fastq/KP6_DJ_p8_CL_Whole_T1_A2S4U_K03481_D1KLRACXX_ACAAGCTA_L008_R1_001.fastq', '/scratch/07467/jwr2735/neoant-pred/dna-fastq/KP6_DJ_p8_CL_Whole_T1_A2S4U_K03481_D1KLRACXX_ACAAGCTA_L008_R2_001.fastq', "" -R '@RG\\tID:KP6_DJ_p8_CL_Whole_T1_A2S4U_K03481_D1KLRACXX_ACAAGCTA_L008_\\tPL:ILLUMINA\\tSM:KP6' ""]}"	[]
Karpas25	"{'Karpas25_ECACC_p8_CL_Whole_T1_A2S4U_K03486_D1KLRACXX_AACGCTTA_L008_': ['/scratch/07467/jwr2735/neoant-pred/dna-fastq/Karpas25_ECACC_p8_CL_Whole_T1_A2S4U_K03486_D1KLRACXX_AACGCTTA_L008_R1_001.fastq', '/scratch/07467/jwr2735/neoant-pred/dna-fastq/Karpas25_ECACC_p8_CL_Whole_T1_A2S4U_K03486_D1KLRACXX_AACGCTTA_L008_R2_001.fastq', "" -R '@RG\\tID:Karpas25_ECACC_p8_CL_Whole_T1_A2S4U_K03486_D1KLRACXX_AACGCTTA_L008_\\tPL:ILLUMINA\\tSM:Karpas25' ""], 'Karpas25_ECACC_p8_CL_Whole_T1_A2S4U_K03486_D1KLRACXX_AACGCTTA_L005_': ['/scratch/07467/jwr2735/neoant-pred/dna-fastq/Karpas25_ECACC_p8_CL_Whole_T1_A2S4U_K03486_D1KLRACXX_AACGCTTA_L005_R1_001.fastq', '/scratch/07467/jwr2735/neoant-pred/dna-fastq/Karpas25_ECACC_p8_CL_Whole_T1_A2S4U_K03486_D1KLRACXX_AACGCTTA_L005_R2_001.fastq', "" -R '@RG\\tID:Karpas25_ECACC_p8_CL_Whole_T1_A2S4U_K03486_D1KLRACXX_AACGCTTA_L005_\\tPL:ILLUMINA\\tSM:Karpas25' ""]}"	[]
Karpas417	"{'Karpas417_ECACC_p8_CL_Whole_T1_A1S4U_K02367_D0RWMACXX_CGATGT_L005_': ['/scratch/07467/jwr2735/neoant-pred/dna-fastq/Karpas417_ECACC_p8_CL_Whole_T1_A1S4U_K02367_D0RWMACXX_CGATGT_L005_R1_001.fastq', '/scratch/07467/jwr2735/neoant-pred/dna-fastq/Karpas417_ECACC_p8_CL_Whole_T1_A1S4U_K02367_D0RWMACXX_CGATGT_L005_R2_001.fastq', "" -R '@RG\\tID:Karpas417_ECACC_p8_CL_Whole_T1_A1S4U_K02367_D0RWMACXX_CGATGT_L005_\\tPL:ILLUMINA\\tSM:Karpas417' ""], 'Karpas417_ECACC_p8_CL_Whole_T1_A1S4U_K02632_D11P7ACXX_GATCAG_L008_': ['/scratch/07467/jwr2735/neoant-pred/dna-fastq/Karpas417_ECACC_p8_CL_Whole_T1_A1S4U_K02632_D11P7ACXX_GATCAG_L008_R1_001.fastq', '/scratch/07467/jwr2735/neoant-pred/dna-fastq/Karpas417_ECACC_p8_CL_Whole_T1_A1S4U_K02632_D11P7ACXX_GATCAG_L008_R2_001.fastq', "" -R '@RG\\tID:Karpas417_ECACC_p8_CL_Whole_T1_A1S4U_K02632_D11P7ACXX_GATCAG_L008_\\tPL:ILLUMINA\\tSM:Karpas417' ""], 'Karpas417_ECACC_p8_CL_Whole_T1_A1S4U_K02632_D11P7ACXX_GATCAG_L007_': ['/scratch/07467/jwr2735/neoant-pred/dna-fastq/Karpas417_ECACC_p8_CL_Whole_T1_A1S4U_K02632_D11P7ACXX_GATCAG_L007_R1_001.fastq', '/scratch/07467/jwr2735/neoant-pred/dna-fastq/Karpas417_ECACC_p8_CL_Whole_T1_A1S4U_K02632_D11P7ACXX_GATCAG_L007_R2_001.fastq', "" -R '@RG\\tID:Karpas417_ECACC_p8_CL_Whole_T1_A1S4U_K02632_D11P7ACXX_GATCAG_L007_\\tPL:ILLUMINA\\tSM:Karpas417' ""], 'Karpas417_ECACC_p8_CL_Whole_T1_A1S4U_K02367_D0RWMACXX_CGATGT_L001_': ['/scratch/07467/jwr2735/neoant-pred/dna-fastq/Karpas417_ECACC_p8_CL_Whole_T1_A1S4U_K02367_D0RWMACXX_CGATGT_L001_R1_001.fastq', '/scratch/07467/jwr2735/neoant-pred/dna-fastq/Karpas417_ECACC_p8_CL_Whole_T1_A1S4U_K02367_D0RWMACXX_CGATGT_L001_R2_001.fastq', "" -R '@RG\\tID:Karpas417_ECACC_p8_CL_Whole_T1_A1S4U_K02367_D0RWMACXX_CGATGT_L001_\\tPL:ILLUMINA\\tSM:Karpas417' ""]}"	[]
Karpas620	"{'Karpas620_DSMZ_p14_CL_Whole_T1_A1S4U_K02384_D0RWMACXX_ACAGTG_L003_': ['/scratch/07467/jwr2735/neoant-pred/dna-fastq/Karpas620_DSMZ_p14_CL_Whole_T1_A1S4U_K02384_D0RWMACXX_ACAGTG_L003_R1_001.fastq', '/scratch/07467/jwr2735/neoant-pred/dna-fastq/Karpas620_DSMZ_p14_CL_Whole_T1_A1S4U_K02384_D0RWMACXX_ACAGTG_L003_R2_001.fastq', "" -R '@RG\\tID:Karpas620_DSMZ_p14_CL_Whole_T1_A1S4U_K02384_D0RWMACXX_ACAGTG_L003_\\tPL:ILLUMINA\\tSM:Karpas620' ""], 'Karpas620_DSMZ_p14_CL_Whole_T1_A1S4U_K02384_D0RWMACXX_ACAGTG_L007_': ['/scratch/07467/jwr2735/neoant-pred/dna-fastq/Karpas620_DSMZ_p14_CL_Whole_T1_A1S4U_K02384_D0RWMACXX_ACAGTG_L007_R1_001.fastq', '/scratch/07467/jwr2735/neoant-pred/dna-fastq/Karpas620_DSMZ_p14_CL_Whole_T1_A1S4U_K02384_D0RWMACXX_ACAGTG_L007_R2_001.fastq', "" -R '@RG\\tID:Karpas620_DSMZ_p14_CL_Whole_T1_A1S4U_K02384_D0RWMACXX_ACAGTG_L007_\\tPL:ILLUMINA\\tSM:Karpas620' ""]}"	[]
Karpas929	"{'Karpas929_ECACC_p15_CL_Whole_T1_A2S4U_K03487_D1KLRACXX_AAGACGGA_L005_': ['/scratch/07467/jwr2735/neoant-pred/dna-fastq/Karpas929_ECACC_p15_CL_Whole_T1_A2S4U_K03487_D1KLRACXX_AAGACGGA_L005_R1_001.fastq', '/scratch/07467/jwr2735/neoant-pred/dna-fastq/Karpas929_ECACC_p15_CL_Whole_T1_A2S4U_K03487_D1KLRACXX_AAGACGGA_L005_R2_001.fastq', "" -R '@RG\\tID:Karpas929_ECACC_p15_CL_Whole_T1_A2S4U_K03487_D1KLRACXX_AAGACGGA_L005_\\tPL:ILLUMINA\\tSM:Karpas929' ""], 'Karpas929_ECACC_p15_CL_Whole_T1_A2S4U_K03487_D1KLRACXX_AAGACGGA_L008_': ['/scratch/07467/jwr2735/neoant-pred/dna-fastq/Karpas929_ECACC_p15_CL_Whole_T1_A2S4U_K03487_D1KLRACXX_AAGACGGA_L008_R1_001.fastq', '/scratch/07467/jwr2735/neoant-pred/dna-fastq/Karpas929_ECACC_p15_CL_Whole_T1_A2S4U_K03487_D1KLRACXX_AAGACGGA_L008_R2_001.fastq', "" -R '@RG\\tID:Karpas929_ECACC_p15_CL_Whole_T1_A2S4U_K03487_D1KLRACXX_AAGACGGA_L008_\\tPL:ILLUMINA\\tSM:Karpas929' ""]}"	[]
L363	"{'L363_DSMZ_p8_CL_Whole_T1_A1S4U_K02380_D0RWMACXX_GCCAAT_L002_': ['/scratch/07467/jwr2735/neoant-pred/dna-fastq/L363_DSMZ_p8_CL_Whole_T1_A1S4U_K02380_D0RWMACXX_GCCAAT_L002_R1_001.fastq', '/scratch/07467/jwr2735/neoant-pred/dna-fastq/L363_DSMZ_p8_CL_Whole_T1_A1S4U_K02380_D0RWMACXX_GCCAAT_L002_R2_001.fastq', "" -R '@RG\\tID:L363_DSMZ_p8_CL_Whole_T1_A1S4U_K02380_D0RWMACXX_GCCAAT_L002_\\tPL:ILLUMINA\\tSM:L363' ""], 'L363_DSMZ_p8_CL_Whole_T1_A1S4U_K02380_D0RWMACXX_GCCAAT_L006_': ['/scratch/07467/jwr2735/neoant-pred/dna-fastq/L363_DSMZ_p8_CL_Whole_T1_A1S4U_K02380_D0RWMACXX_GCCAAT_L006_R1_001.fastq', '/scratch/07467/jwr2735/neoant-pred/dna-fastq/L363_DSMZ_p8_CL_Whole_T1_A1S4U_K02380_D0RWMACXX_GCCAAT_L006_R2_001.fastq', "" -R '@RG\\tID:L363_DSMZ_p8_CL_Whole_T1_A1S4U_K02380_D0RWMACXX_GCCAAT_L006_\\tPL:ILLUMINA\\tSM:L363' ""]}"	[]
LP1	"{'LP1_DSMZ_p9_CL_Whole_T1_A1S4U_K02371_D0RWMACXX_CAGATC_L005_': ['/scratch/07467/jwr2735/neoant-pred/dna-fastq/LP1_DSMZ_p9_CL_Whole_T1_A1S4U_K02371_D0RWMACXX_CAGATC_L005_R1_001.fastq', '/scratch/07467/jwr2735/neoant-pred/dna-fastq/LP1_DSMZ_p9_CL_Whole_T1_A1S4U_K02371_D0RWMACXX_CAGATC_L005_R2_001.fastq', "" -R '@RG\\tID:LP1_DSMZ_p9_CL_Whole_T1_A1S4U_K02371_D0RWMACXX_CAGATC_L005_\\tPL:ILLUMINA\\tSM:LP1' ""], 'LP1_DSMZ_p9_CL_Whole_T1_A1S4U_K02371_D0RWMACXX_CAGATC_L001_': ['/scratch/07467/jwr2735/neoant-pred/dna-fastq/LP1_DSMZ_p9_CL_Whole_T1_A1S4U_K02371_D0RWMACXX_CAGATC_L001_R1_001.fastq', '/scratch/07467/jwr2735/neoant-pred/dna-fastq/LP1_DSMZ_p9_CL_Whole_T1_A1S4U_K02371_D0RWMACXX_CAGATC_L001_R2_001.fastq', "" -R '@RG\\tID:LP1_DSMZ_p9_CL_Whole_T1_A1S4U_K02371_D0RWMACXX_CAGATC_L001_\\tPL:ILLUMINA\\tSM:LP1' ""]}"	[]
MM1R	"{'MM1R_ATCC_p5_CL_Whole_T1_A1S4U_K02372_D0RWMACXX_TGACCA_L005_': ['/scratch/07467/jwr2735/neoant-pred/dna-fastq/MM1R_ATCC_p5_CL_Whole_T1_A1S4U_K02372_D0RWMACXX_TGACCA_L005_R1_001.fastq', '/scratch/07467/jwr2735/neoant-pred/dna-fastq/MM1R_ATCC_p5_CL_Whole_T1_A1S4U_K02372_D0RWMACXX_TGACCA_L005_R2_001.fastq', "" -R '@RG\\tID:MM1R_ATCC_p5_CL_Whole_T1_A1S4U_K02372_D0RWMACXX_TGACCA_L005_\\tPL:ILLUMINA\\tSM:MM1R' ""], 'MM1R_ATCC_p5_CL_Whole_T1_A1S4U_K02372_D0RWMACXX_TGACCA_L001_': ['/scratch/07467/jwr2735/neoant-pred/dna-fastq/MM1R_ATCC_p5_CL_Whole_T1_A1S4U_K02372_D0RWMACXX_TGACCA_L001_R1_001.fastq', '/scratch/07467/jwr2735/neoant-pred/dna-fastq/MM1R_ATCC_p5_CL_Whole_T1_A1S4U_K02372_D0RWMACXX_TGACCA_L001_R2_001.fastq', "" -R '@RG\\tID:MM1R_ATCC_p5_CL_Whole_T1_A1S4U_K02372_D0RWMACXX_TGACCA_L001_\\tPL:ILLUMINA\\tSM:MM1R' ""]}"	[]
MM1S	"{'MM1S_ATCC_p5_CL_Whole_T1_A1S4U_K02373_D0RWMACXX_ACAGTG_L001_': ['/scratch/07467/jwr2735/neoant-pred/dna-fastq/MM1S_ATCC_p5_CL_Whole_T1_A1S4U_K02373_D0RWMACXX_ACAGTG_L001_R1_001.fastq', '/scratch/07467/jwr2735/neoant-pred/dna-fastq/MM1S_ATCC_p5_CL_Whole_T1_A1S4U_K02373_D0RWMACXX_ACAGTG_L001_R2_001.fastq', "" -R '@RG\\tID:MM1S_ATCC_p5_CL_Whole_T1_A1S4U_K02373_D0RWMACXX_ACAGTG_L001_\\tPL:ILLUMINA\\tSM:MM1S' ""], 'MM1S_ATCC_p5_CL_Whole_T1_A1S4U_K02373_D0RWMACXX_ACAGTG_L005_': ['/scratch/07467/jwr2735/neoant-pred/dna-fastq/MM1S_ATCC_p5_CL_Whole_T1_A1S4U_K02373_D0RWMACXX_ACAGTG_L005_R1_001.fastq', '/scratch/07467/jwr2735/neoant-pred/dna-fastq/MM1S_ATCC_p5_CL_Whole_T1_A1S4U_K02373_D0RWMACXX_ACAGTG_L005_R2_001.fastq', "" -R '@RG\\tID:MM1S_ATCC_p5_CL_Whole_T1_A1S4U_K02373_D0RWMACXX_ACAGTG_L005_\\tPL:ILLUMINA\\tSM:MM1S' ""]}"	[]
MMM1	"{'MMM1_PLB_p5_CL_Whole_T1_A2S4U_K03460_D1KLRACXX_ACCACTGT_L002_': ['/scratch/07467/jwr2735/neoant-pred/dna-fastq/MMM1_PLB_p5_CL_Whole_T1_A2S4U_K03460_D1KLRACXX_ACCACTGT_L002_R1_001.fastq', '/scratch/07467/jwr2735/neoant-pred/dna-fastq/MMM1_PLB_p5_CL_Whole_T1_A2S4U_K03460_D1KLRACXX_ACCACTGT_L002_R2_001.fastq', "" -R '@RG\\tID:MMM1_PLB_p5_CL_Whole_T1_A2S4U_K03460_D1KLRACXX_ACCACTGT_L002_\\tPL:ILLUMINA\\tSM:MMM1' ""], 'MMM1_PLB_p5_CL_Whole_T1_A2S4U_K03460_D1KLRACXX_ACCACTGT_L001_': ['/scratch/07467/jwr2735/neoant-pred/dna-fastq/MMM1_PLB_p5_CL_Whole_T1_A2S4U_K03460_D1KLRACXX_ACCACTGT_L001_R1_001.fastq', '/scratch/07467/jwr2735/neoant-pred/dna-fastq/MMM1_PLB_p5_CL_Whole_T1_A2S4U_K03460_D1KLRACXX_ACCACTGT_L001_R2_001.fastq', "" -R '@RG\\tID:MMM1_PLB_p5_CL_Whole_T1_A2S4U_K03460_D1KLRACXX_ACCACTGT_L001_\\tPL:ILLUMINA\\tSM:MMM1' ""]}"	[]
MOLP2	"{'MOLP2_DSMZ_p18_CL_Whole_T1_A1S4U_K02374_D0RWMACXX_GCCAAT_L005_': ['/scratch/07467/jwr2735/neoant-pred/dna-fastq/MOLP2_DSMZ_p18_CL_Whole_T1_A1S4U_K02374_D0RWMACXX_GCCAAT_L005_R1_001.fastq', '/scratch/07467/jwr2735/neoant-pred/dna-fastq/MOLP2_DSMZ_p18_CL_Whole_T1_A1S4U_K02374_D0RWMACXX_GCCAAT_L005_R2_001.fastq', "" -R '@RG\\tID:MOLP2_DSMZ_p18_CL_Whole_T1_A1S4U_K02374_D0RWMACXX_GCCAAT_L005_\\tPL:ILLUMINA\\tSM:MOLP2' ""], 'MOLP2_DSMZ_p18_CL_Whole_T1_A1S4U_K02374_D0RWMACXX_GCCAAT_L001_': ['/scratch/07467/jwr2735/neoant-pred/dna-fastq/MOLP2_DSMZ_p18_CL_Whole_T1_A1S4U_K02374_D0RWMACXX_GCCAAT_L001_R1_001.fastq', '/scratch/07467/jwr2735/neoant-pred/dna-fastq/MOLP2_DSMZ_p18_CL_Whole_T1_A1S4U_K02374_D0RWMACXX_GCCAAT_L001_R2_001.fastq', "" -R '@RG\\tID:MOLP2_DSMZ_p18_CL_Whole_T1_A1S4U_K02374_D0RWMACXX_GCCAAT_L001_\\tPL:ILLUMINA\\tSM:MOLP2' ""]}"	[]
MOLP8	"{'MOLP8_DSMZ_p9_CL_Whole_T1_A1S4U_K02396_D0RWMACXX_ACTTGA_L008_': ['/scratch/07467/jwr2735/neoant-pred/dna-fastq/MOLP8_DSMZ_p9_CL_Whole_T1_A1S4U_K02396_D0RWMACXX_ACTTGA_L008_R1_001.fastq', '/scratch/07467/jwr2735/neoant-pred/dna-fastq/MOLP8_DSMZ_p9_CL_Whole_T1_A1S4U_K02396_D0RWMACXX_ACTTGA_L008_R2_001.fastq', "" -R '@RG\\tID:MOLP8_DSMZ_p9_CL_Whole_T1_A1S4U_K02396_D0RWMACXX_ACTTGA_L008_\\tPL:ILLUMINA\\tSM:MOLP8' ""], 'MOLP8_DSMZ_p9_CL_Whole_T1_A1S4U_K02396_D0RWMACXX_ACTTGA_L004_': ['/scratch/07467/jwr2735/neoant-pred/dna-fastq/MOLP8_DSMZ_p9_CL_Whole_T1_A1S4U_K02396_D0RWMACXX_ACTTGA_L004_R1_001.fastq', '/scratch/07467/jwr2735/neoant-pred/dna-fastq/MOLP8_DSMZ_p9_CL_Whole_T1_A1S4U_K02396_D0RWMACXX_ACTTGA_L004_R2_001.fastq', "" -R '@RG\\tID:MOLP8_DSMZ_p9_CL_Whole_T1_A1S4U_K02396_D0RWMACXX_ACTTGA_L004_\\tPL:ILLUMINA\\tSM:MOLP8' ""]}"	[]
NCIH929	"{'NCIH929_DSMZ_p8_CL_Whole_T1_A1S4U_K02381_D0RWMACXX_CAGATC_L002_': ['/scratch/07467/jwr2735/neoant-pred/dna-fastq/NCIH929_DSMZ_p8_CL_Whole_T1_A1S4U_K02381_D0RWMACXX_CAGATC_L002_R1_001.fastq', '/scratch/07467/jwr2735/neoant-pred/dna-fastq/NCIH929_DSMZ_p8_CL_Whole_T1_A1S4U_K02381_D0RWMACXX_CAGATC_L002_R2_001.fastq', "" -R '@RG\\tID:NCIH929_DSMZ_p8_CL_Whole_T1_A1S4U_K02381_D0RWMACXX_CAGATC_L002_\\tPL:ILLUMINA\\tSM:NCIH929' ""], 'NCIH929_DSMZ_p8_CL_Whole_T1_A1S4U_K02381_D0RWMACXX_CAGATC_L006_': ['/scratch/07467/jwr2735/neoant-pred/dna-fastq/NCIH929_DSMZ_p8_CL_Whole_T1_A1S4U_K02381_D0RWMACXX_CAGATC_L006_R1_001.fastq', '/scratch/07467/jwr2735/neoant-pred/dna-fastq/NCIH929_DSMZ_p8_CL_Whole_T1_A1S4U_K02381_D0RWMACXX_CAGATC_L006_R2_001.fastq', "" -R '@RG\\tID:NCIH929_DSMZ_p8_CL_Whole_T1_A1S4U_K02381_D0RWMACXX_CAGATC_L006_\\tPL:ILLUMINA\\tSM:NCIH929' ""]}"	[]
OCIMY1	"{'OCIMY1_PLB_p6_CL_Whole_T1_A2S4U_K03472_D1KLRACXX_AACGTGAT_L004_': ['/scratch/07467/jwr2735/neoant-pred/dna-fastq/OCIMY1_PLB_p6_CL_Whole_T1_A2S4U_K03472_D1KLRACXX_AACGTGAT_L004_R1_001.fastq', '/scratch/07467/jwr2735/neoant-pred/dna-fastq/OCIMY1_PLB_p6_CL_Whole_T1_A2S4U_K03472_D1KLRACXX_AACGTGAT_L004_R2_001.fastq', "" -R '@RG\\tID:OCIMY1_PLB_p6_CL_Whole_T1_A2S4U_K03472_D1KLRACXX_AACGTGAT_L004_\\tPL:ILLUMINA\\tSM:OCIMY1' ""], 'OCIMY1_PLB_p6_CL_Whole_T1_A2S4U_K03472_D1KLRACXX_AACGTGAT_L007_': ['/scratch/07467/jwr2735/neoant-pred/dna-fastq/OCIMY1_PLB_p6_CL_Whole_T1_A2S4U_K03472_D1KLRACXX_AACGTGAT_L007_R1_001.fastq', '/scratch/07467/jwr2735/neoant-pred/dna-fastq/OCIMY1_PLB_p6_CL_Whole_T1_A2S4U_K03472_D1KLRACXX_AACGTGAT_L007_R2_001.fastq', "" -R '@RG\\tID:OCIMY1_PLB_p6_CL_Whole_T1_A2S4U_K03472_D1KLRACXX_AACGTGAT_L007_\\tPL:ILLUMINA\\tSM:OCIMY1' ""]}"	[]
OCIMY5	"{'OCIMY5_PLB_p10_CL_Whole_T1_A2S4U_K03456_D1KLRACXX_AACGTGAT_L001_': ['/scratch/07467/jwr2735/neoant-pred/dna-fastq/OCIMY5_PLB_p10_CL_Whole_T1_A2S4U_K03456_D1KLRACXX_AACGTGAT_L001_R1_001.fastq', '/scratch/07467/jwr2735/neoant-pred/dna-fastq/OCIMY5_PLB_p10_CL_Whole_T1_A2S4U_K03456_D1KLRACXX_AACGTGAT_L001_R2_001.fastq', "" -R '@RG\\tID:OCIMY5_PLB_p10_CL_Whole_T1_A2S4U_K03456_D1KLRACXX_AACGTGAT_L001_\\tPL:ILLUMINA\\tSM:OCIMY5' ""], 'OCIMY5_PLB_p10_CL_Whole_T1_A2S4U_K03456_D1KLRACXX_AACGTGAT_L002_': ['/scratch/07467/jwr2735/neoant-pred/dna-fastq/OCIMY5_PLB_p10_CL_Whole_T1_A2S4U_K03456_D1KLRACXX_AACGTGAT_L002_R1_001.fastq', '/scratch/07467/jwr2735/neoant-pred/dna-fastq/OCIMY5_PLB_p10_CL_Whole_T1_A2S4U_K03456_D1KLRACXX_AACGTGAT_L002_R2_001.fastq', "" -R '@RG\\tID:OCIMY5_PLB_p10_CL_Whole_T1_A2S4U_K03456_D1KLRACXX_AACGTGAT_L002_\\tPL:ILLUMINA\\tSM:OCIMY5' ""]}"	[]
OCIMY7	"{'OCIMY7_PLB_p8_CL_Whole_T1_A2S4U_K03475_D1KLRACXX_AGTGGTCA_L007_': ['/scratch/07467/jwr2735/neoant-pred/dna-fastq/OCIMY7_PLB_p8_CL_Whole_T1_A2S4U_K03475_D1KLRACXX_AGTGGTCA_L007_R1_001.fastq', '/scratch/07467/jwr2735/neoant-pred/dna-fastq/OCIMY7_PLB_p8_CL_Whole_T1_A2S4U_K03475_D1KLRACXX_AGTGGTCA_L007_R2_001.fastq', "" -R '@RG\\tID:OCIMY7_PLB_p8_CL_Whole_T1_A2S4U_K03475_D1KLRACXX_AGTGGTCA_L007_\\tPL:ILLUMINA\\tSM:OCIMY7' ""], 'OCIMY7_PLB_p8_CL_Whole_T1_A2S4U_K03475_D1KLRACXX_AGTGGTCA_L004_': ['/scratch/07467/jwr2735/neoant-pred/dna-fastq/OCIMY7_PLB_p8_CL_Whole_T1_A2S4U_K03475_D1KLRACXX_AGTGGTCA_L004_R1_001.fastq', '/scratch/07467/jwr2735/neoant-pred/dna-fastq/OCIMY7_PLB_p8_CL_Whole_T1_A2S4U_K03475_D1KLRACXX_AGTGGTCA_L004_R2_001.fastq', "" -R '@RG\\tID:OCIMY7_PLB_p8_CL_Whole_T1_A2S4U_K03475_D1KLRACXX_AGTGGTCA_L004_\\tPL:ILLUMINA\\tSM:OCIMY7' ""]}"	[]
OH2	"{'OH2_PLB_p8_CL_Whole_T1_A2S4U_K03484_D1KLRACXX_AACAACCA_L008_': ['/scratch/07467/jwr2735/neoant-pred/dna-fastq/OH2_PLB_p8_CL_Whole_T1_A2S4U_K03484_D1KLRACXX_AACAACCA_L008_R1_001.fastq', '/scratch/07467/jwr2735/neoant-pred/dna-fastq/OH2_PLB_p8_CL_Whole_T1_A2S4U_K03484_D1KLRACXX_AACAACCA_L008_R2_001.fastq', "" -R '@RG\\tID:OH2_PLB_p8_CL_Whole_T1_A2S4U_K03484_D1KLRACXX_AACAACCA_L008_\\tPL:ILLUMINA\\tSM:OH2' ""], 'OH2_PLB_p8_CL_Whole_T1_A2S4U_K03484_D1KLRACXX_AACAACCA_L005_': ['/scratch/07467/jwr2735/neoant-pred/dna-fastq/OH2_PLB_p8_CL_Whole_T1_A2S4U_K03484_D1KLRACXX_AACAACCA_L005_R1_001.fastq', '/scratch/07467/jwr2735/neoant-pred/dna-fastq/OH2_PLB_p8_CL_Whole_T1_A2S4U_K03484_D1KLRACXX_AACAACCA_L005_R2_001.fastq', "" -R '@RG\\tID:OH2_PLB_p8_CL_Whole_T1_A2S4U_K03484_D1KLRACXX_AACAACCA_L005_\\tPL:ILLUMINA\\tSM:OH2' ""]}"	[]
OPM1	"{'OPM1_PLB_p7_CL_Whole_T1_A2S4U_K03461_D1KLRACXX_ACATTGGC_L002_': ['/scratch/07467/jwr2735/neoant-pred/dna-fastq/OPM1_PLB_p7_CL_Whole_T1_A2S4U_K03461_D1KLRACXX_ACATTGGC_L002_R1_001.fastq', '/scratch/07467/jwr2735/neoant-pred/dna-fastq/OPM1_PLB_p7_CL_Whole_T1_A2S4U_K03461_D1KLRACXX_ACATTGGC_L002_R2_001.fastq', "" -R '@RG\\tID:OPM1_PLB_p7_CL_Whole_T1_A2S4U_K03461_D1KLRACXX_ACATTGGC_L002_\\tPL:ILLUMINA\\tSM:OPM1' ""], 'OPM1_PLB_p7_CL_Whole_T1_A2S4U_K03461_D1KLRACXX_ACATTGGC_L001_': ['/scratch/07467/jwr2735/neoant-pred/dna-fastq/OPM1_PLB_p7_CL_Whole_T1_A2S4U_K03461_D1KLRACXX_ACATTGGC_L001_R1_001.fastq', '/scratch/07467/jwr2735/neoant-pred/dna-fastq/OPM1_PLB_p7_CL_Whole_T1_A2S4U_K03461_D1KLRACXX_ACATTGGC_L001_R2_001.fastq', "" -R '@RG\\tID:OPM1_PLB_p7_CL_Whole_T1_A2S4U_K03461_D1KLRACXX_ACATTGGC_L001_\\tPL:ILLUMINA\\tSM:OPM1' ""]}"	[]
OPM2	"{'OPM2_DSMZ_p9_CL_Whole_T1_A1S4U_K02397_D0RWMACXX_GATCAG_L004_': ['/scratch/07467/jwr2735/neoant-pred/dna-fastq/OPM2_DSMZ_p9_CL_Whole_T1_A1S4U_K02397_D0RWMACXX_GATCAG_L004_R1_001.fastq', '/scratch/07467/jwr2735/neoant-pred/dna-fastq/OPM2_DSMZ_p9_CL_Whole_T1_A1S4U_K02397_D0RWMACXX_GATCAG_L004_R2_001.fastq', "" -R '@RG\\tID:OPM2_DSMZ_p9_CL_Whole_T1_A1S4U_K02397_D0RWMACXX_GATCAG_L004_\\tPL:ILLUMINA\\tSM:OPM2' ""], 'OPM2_DSMZ_p9_CL_Whole_T1_A1S4U_K02397_D0RWMACXX_GATCAG_L008_': ['/scratch/07467/jwr2735/neoant-pred/dna-fastq/OPM2_DSMZ_p9_CL_Whole_T1_A1S4U_K02397_D0RWMACXX_GATCAG_L008_R1_001.fastq', '/scratch/07467/jwr2735/neoant-pred/dna-fastq/OPM2_DSMZ_p9_CL_Whole_T1_A1S4U_K02397_D0RWMACXX_GATCAG_L008_R2_001.fastq', "" -R '@RG\\tID:OPM2_DSMZ_p9_CL_Whole_T1_A1S4U_K02397_D0RWMACXX_GATCAG_L008_\\tPL:ILLUMINA\\tSM:OPM2' ""]}"	[]
PCM6	"{'PCM6_Riken_p6_CL_Whole_T1_A2S4U_K03482_D1KLRACXX_CTGTAGCC_L005_': ['/scratch/07467/jwr2735/neoant-pred/dna-fastq/PCM6_Riken_p6_CL_Whole_T1_A2S4U_K03482_D1KLRACXX_CTGTAGCC_L005_R1_001.fastq', '/scratch/07467/jwr2735/neoant-pred/dna-fastq/PCM6_Riken_p6_CL_Whole_T1_A2S4U_K03482_D1KLRACXX_CTGTAGCC_L005_R2_001.fastq', "" -R '@RG\\tID:PCM6_Riken_p6_CL_Whole_T1_A2S4U_K03482_D1KLRACXX_CTGTAGCC_L005_\\tPL:ILLUMINA\\tSM:PCM6' ""], 'PCM6_Riken_p6_CL_Whole_T1_A2S4U_K03482_D1KLRACXX_CTGTAGCC_L008_': ['/scratch/07467/jwr2735/neoant-pred/dna-fastq/PCM6_Riken_p6_CL_Whole_T1_A2S4U_K03482_D1KLRACXX_CTGTAGCC_L008_R1_001.fastq', '/scratch/07467/jwr2735/neoant-pred/dna-fastq/PCM6_Riken_p6_CL_Whole_T1_A2S4U_K03482_D1KLRACXX_CTGTAGCC_L008_R2_001.fastq', "" -R '@RG\\tID:PCM6_Riken_p6_CL_Whole_T1_A2S4U_K03482_D1KLRACXX_CTGTAGCC_L008_\\tPL:ILLUMINA\\tSM:PCM6' ""]}"	[]
PE1	"{'PE1_PLB_p10_CL_Whole_T1_A2S4U_K03483_D1KLRACXX_AGTACAAG_L005_': ['/scratch/07467/jwr2735/neoant-pred/dna-fastq/PE1_PLB_p10_CL_Whole_T1_A2S4U_K03483_D1KLRACXX_AGTACAAG_L005_R1_001.fastq', '/scratch/07467/jwr2735/neoant-pred/dna-fastq/PE1_PLB_p10_CL_Whole_T1_A2S4U_K03483_D1KLRACXX_AGTACAAG_L005_R2_001.fastq', "" -R '@RG\\tID:PE1_PLB_p10_CL_Whole_T1_A2S4U_K03483_D1KLRACXX_AGTACAAG_L005_\\tPL:ILLUMINA\\tSM:PE1' ""], 'PE1_PLB_p10_CL_Whole_T1_A2S4U_K03483_D1KLRACXX_AGTACAAG_L008_': ['/scratch/07467/jwr2735/neoant-pred/dna-fastq/PE1_PLB_p10_CL_Whole_T1_A2S4U_K03483_D1KLRACXX_AGTACAAG_L008_R1_001.fastq', '/scratch/07467/jwr2735/neoant-pred/dna-fastq/PE1_PLB_p10_CL_Whole_T1_A2S4U_K03483_D1KLRACXX_AGTACAAG_L008_R2_001.fastq', "" -R '@RG\\tID:PE1_PLB_p10_CL_Whole_T1_A2S4U_K03483_D1KLRACXX_AGTACAAG_L008_\\tPL:ILLUMINA\\tSM:PE1' ""]}"	[]
PE2	"{'PE2_PLB_p9_CL_Whole_T1_A2S4U_K03476_D1KLRACXX_ACCACTGT_L004_': ['/scratch/07467/jwr2735/neoant-pred/dna-fastq/PE2_PLB_p9_CL_Whole_T1_A2S4U_K03476_D1KLRACXX_ACCACTGT_L004_R1_001.fastq', '/scratch/07467/jwr2735/neoant-pred/dna-fastq/PE2_PLB_p9_CL_Whole_T1_A2S4U_K03476_D1KLRACXX_ACCACTGT_L004_R2_001.fastq', "" -R '@RG\\tID:PE2_PLB_p9_CL_Whole_T1_A2S4U_K03476_D1KLRACXX_ACCACTGT_L004_\\tPL:ILLUMINA\\tSM:PE2' ""], 'PE2_PLB_p9_CL_Whole_T1_A2S4U_K03476_D1KLRACXX_ACCACTGT_L007_': ['/scratch/07467/jwr2735/neoant-pred/dna-fastq/PE2_PLB_p9_CL_Whole_T1_A2S4U_K03476_D1KLRACXX_ACCACTGT_L007_R1_001.fastq', '/scratch/07467/jwr2735/neoant-pred/dna-fastq/PE2_PLB_p9_CL_Whole_T1_A2S4U_K03476_D1KLRACXX_ACCACTGT_L007_R2_001.fastq', "" -R '@RG\\tID:PE2_PLB_p9_CL_Whole_T1_A2S4U_K03476_D1KLRACXX_ACCACTGT_L007_\\tPL:ILLUMINA\\tSM:PE2' ""]}"	[]
RPMI8226	"{'RPMI8226_ATCC_p5_CL_Whole_T1_A1S4U_K02390_D0RWMACXX_ACTTGA_L007_': ['/scratch/07467/jwr2735/neoant-pred/dna-fastq/RPMI8226_ATCC_p5_CL_Whole_T1_A1S4U_K02390_D0RWMACXX_ACTTGA_L007_R1_001.fastq', '/scratch/07467/jwr2735/neoant-pred/dna-fastq/RPMI8226_ATCC_p5_CL_Whole_T1_A1S4U_K02390_D0RWMACXX_ACTTGA_L007_R2_001.fastq', "" -R '@RG\\tID:RPMI8226_ATCC_p5_CL_Whole_T1_A1S4U_K02390_D0RWMACXX_ACTTGA_L007_\\tPL:ILLUMINA\\tSM:RPMI8226' ""], 'RPMI8226_ATCC_p5_CL_Whole_T1_A1S4U_K02390_D0RWMACXX_ACTTGA_L003_': ['/scratch/07467/jwr2735/neoant-pred/dna-fastq/RPMI8226_ATCC_p5_CL_Whole_T1_A1S4U_K02390_D0RWMACXX_ACTTGA_L003_R1_001.fastq', '/scratch/07467/jwr2735/neoant-pred/dna-fastq/RPMI8226_ATCC_p5_CL_Whole_T1_A1S4U_K02390_D0RWMACXX_ACTTGA_L003_R2_001.fastq', "" -R '@RG\\tID:RPMI8226_ATCC_p5_CL_Whole_T1_A1S4U_K02390_D0RWMACXX_ACTTGA_L003_\\tPL:ILLUMINA\\tSM:RPMI8226' ""]}"	[]
SKMM1	"{'SKMM1_PLB_p6_CL_Whole_T1_A2S4U_K03459_D1KLRACXX_AGTGGTCA_L002_': ['/scratch/07467/jwr2735/neoant-pred/dna-fastq/SKMM1_PLB_p6_CL_Whole_T1_A2S4U_K03459_D1KLRACXX_AGTGGTCA_L002_R1_001.fastq', '/scratch/07467/jwr2735/neoant-pred/dna-fastq/SKMM1_PLB_p6_CL_Whole_T1_A2S4U_K03459_D1KLRACXX_AGTGGTCA_L002_R2_001.fastq', "" -R '@RG\\tID:SKMM1_PLB_p6_CL_Whole_T1_A2S4U_K03459_D1KLRACXX_AGTGGTCA_L002_\\tPL:ILLUMINA\\tSM:SKMM1' ""], 'SKMM1_PLB_p6_CL_Whole_T1_A2S4U_K03459_D1KLRACXX_AGTGGTCA_L001_': ['/scratch/07467/jwr2735/neoant-pred/dna-fastq/SKMM1_PLB_p6_CL_Whole_T1_A2S4U_K03459_D1KLRACXX_AGTGGTCA_L001_R1_001.fastq', '/scratch/07467/jwr2735/neoant-pred/dna-fastq/SKMM1_PLB_p6_CL_Whole_T1_A2S4U_K03459_D1KLRACXX_AGTGGTCA_L001_R2_001.fastq', "" -R '@RG\\tID:SKMM1_PLB_p6_CL_Whole_T1_A2S4U_K03459_D1KLRACXX_AGTGGTCA_L001_\\tPL:ILLUMINA\\tSM:SKMM1' ""]}"	[]
SKMM2	"{'SKMM2_DSMZ_p17_CL_Whole_T1_A1S4U_K02382_D0RWMACXX_TAGCTT_L002_': ['/scratch/07467/jwr2735/neoant-pred/dna-fastq/SKMM2_DSMZ_p17_CL_Whole_T1_A1S4U_K02382_D0RWMACXX_TAGCTT_L002_R1_001.fastq', '/scratch/07467/jwr2735/neoant-pred/dna-fastq/SKMM2_DSMZ_p17_CL_Whole_T1_A1S4U_K02382_D0RWMACXX_TAGCTT_L002_R2_001.fastq', "" -R '@RG\\tID:SKMM2_DSMZ_p17_CL_Whole_T1_A1S4U_K02382_D0RWMACXX_TAGCTT_L002_\\tPL:ILLUMINA\\tSM:SKMM2' ""], 'SKMM2_DSMZ_p17_CL_Whole_T1_A1S4U_K02382_D0RWMACXX_TAGCTT_L006_': ['/scratch/07467/jwr2735/neoant-pred/dna-fastq/SKMM2_DSMZ_p17_CL_Whole_T1_A1S4U_K02382_D0RWMACXX_TAGCTT_L006_R1_001.fastq', '/scratch/07467/jwr2735/neoant-pred/dna-fastq/SKMM2_DSMZ_p17_CL_Whole_T1_A1S4U_K02382_D0RWMACXX_TAGCTT_L006_R2_001.fastq', "" -R '@RG\\tID:SKMM2_DSMZ_p17_CL_Whole_T1_A1S4U_K02382_D0RWMACXX_TAGCTT_L006_\\tPL:ILLUMINA\\tSM:SKMM2' ""]}"	[]
U266	"{'U266_ATCC_p8_CL_Whole_T1_A1S4U_K02398_D0RWMACXX_GGCTAC_L004_': ['/scratch/07467/jwr2735/neoant-pred/dna-fastq/U266_ATCC_p8_CL_Whole_T1_A1S4U_K02398_D0RWMACXX_GGCTAC_L004_R1_001.fastq', '/scratch/07467/jwr2735/neoant-pred/dna-fastq/U266_ATCC_p8_CL_Whole_T1_A1S4U_K02398_D0RWMACXX_GGCTAC_L004_R2_001.fastq', "" -R '@RG\\tID:U266_ATCC_p8_CL_Whole_T1_A1S4U_K02398_D0RWMACXX_GGCTAC_L004_\\tPL:ILLUMINA\\tSM:U266' ""], 'U266_ATCC_p8_CL_Whole_T1_A1S4U_K02398_D0RWMACXX_GGCTAC_L008_': ['/scratch/07467/jwr2735/neoant-pred/dna-fastq/U266_ATCC_p8_CL_Whole_T1_A1S4U_K02398_D0RWMACXX_GGCTAC_L008_R1_001.fastq', '/scratch/07467/jwr2735/neoant-pred/dna-fastq/U266_ATCC_p8_CL_Whole_T1_A1S4U_K02398_D0RWMACXX_GGCTAC_L008_R2_001.fastq', "" -R '@RG\\tID:U266_ATCC_p8_CL_Whole_T1_A1S4U_K02398_D0RWMACXX_GGCTAC_L008_\\tPL:ILLUMINA\\tSM:U266' ""]}"	[]
UTMC2	"{'UTMC2_PLB_p6_CL_Whole_T1_A2S4U_K03473_D1KLRACXX_AAACATCG_L007_': ['/scratch/07467/jwr2735/neoant-pred/dna-fastq/UTMC2_PLB_p6_CL_Whole_T1_A2S4U_K03473_D1KLRACXX_AAACATCG_L007_R1_001.fastq', '/scratch/07467/jwr2735/neoant-pred/dna-fastq/UTMC2_PLB_p6_CL_Whole_T1_A2S4U_K03473_D1KLRACXX_AAACATCG_L007_R2_001.fastq', "" -R '@RG\\tID:UTMC2_PLB_p6_CL_Whole_T1_A2S4U_K03473_D1KLRACXX_AAACATCG_L007_\\tPL:ILLUMINA\\tSM:UTMC2' ""], 'UTMC2_PLB_p6_CL_Whole_T1_A2S4U_K03473_D1KLRACXX_AAACATCG_L004_': ['/scratch/07467/jwr2735/neoant-pred/dna-fastq/UTMC2_PLB_p6_CL_Whole_T1_A2S4U_K03473_D1KLRACXX_AAACATCG_L004_R1_001.fastq', '/scratch/07467/jwr2735/neoant-pred/dna-fastq/UTMC2_PLB_p6_CL_Whole_T1_A2S4U_K03473_D1KLRACXX_AAACATCG_L004_R2_001.fastq', "" -R '@RG\\tID:UTMC2_PLB_p6_CL_Whole_T1_A2S4U_K03473_D1KLRACXX_AAACATCG_L004_\\tPL:ILLUMINA\\tSM:UTMC2' ""]}"	[]
VP6	"{'VP6_DJ_p5_CL_Whole_T1_A2S4U_K03470_D1KLRACXX_AACGCTTA_L006_': ['/scratch/07467/jwr2735/neoant-pred/dna-fastq/VP6_DJ_p5_CL_Whole_T1_A2S4U_K03470_D1KLRACXX_AACGCTTA_L006_R1_001.fastq', '/scratch/07467/jwr2735/neoant-pred/dna-fastq/VP6_DJ_p5_CL_Whole_T1_A2S4U_K03470_D1KLRACXX_AACGCTTA_L006_R2_001.fastq', "" -R '@RG\\tID:VP6_DJ_p5_CL_Whole_T1_A2S4U_K03470_D1KLRACXX_AACGCTTA_L006_\\tPL:ILLUMINA\\tSM:VP6' ""], 'VP6_DJ_p5_CL_Whole_T1_A2S4U_K03470_D1KLRACXX_AACGCTTA_L003_': ['/scratch/07467/jwr2735/neoant-pred/dna-fastq/VP6_DJ_p5_CL_Whole_T1_A2S4U_K03470_D1KLRACXX_AACGCTTA_L003_R1_001.fastq', '/scratch/07467/jwr2735/neoant-pred/dna-fastq/VP6_DJ_p5_CL_Whole_T1_A2S4U_K03470_D1KLRACXX_AACGCTTA_L003_R2_001.fastq', "" -R '@RG\\tID:VP6_DJ_p5_CL_Whole_T1_A2S4U_K03470_D1KLRACXX_AACGCTTA_L003_\\tPL:ILLUMINA\\tSM:VP6' ""]}"	[]
XG1	"{'XG1_PLB_p5_CL_Whole_T1_A2S4U_K03464_D1KLRACXX_CGCTGATC_L006_': ['/scratch/07467/jwr2735/neoant-pred/dna-fastq/XG1_PLB_p5_CL_Whole_T1_A2S4U_K03464_D1KLRACXX_CGCTGATC_L006_R1_001.fastq', '/scratch/07467/jwr2735/neoant-pred/dna-fastq/XG1_PLB_p5_CL_Whole_T1_A2S4U_K03464_D1KLRACXX_CGCTGATC_L006_R2_001.fastq', "" -R '@RG\\tID:XG1_PLB_p5_CL_Whole_T1_A2S4U_K03464_D1KLRACXX_CGCTGATC_L006_\\tPL:ILLUMINA\\tSM:XG1' ""], 'XG1_PLB_p5_CL_Whole_T1_A2S4U_K03464_D1KLRACXX_CGCTGATC_L003_': ['/scratch/07467/jwr2735/neoant-pred/dna-fastq/XG1_PLB_p5_CL_Whole_T1_A2S4U_K03464_D1KLRACXX_CGCTGATC_L003_R1_001.fastq', '/scratch/07467/jwr2735/neoant-pred/dna-fastq/XG1_PLB_p5_CL_Whole_T1_A2S4U_K03464_D1KLRACXX_CGCTGATC_L003_R2_001.fastq', "" -R '@RG\\tID:XG1_PLB_p5_CL_Whole_T1_A2S4U_K03464_D1KLRACXX_CGCTGATC_L003_\\tPL:ILLUMINA\\tSM:XG1' ""]}"	[]
XG2	"{'XG2_PLB_p5_CL_Whole_T1_A2S4U_K03465_D1KLRACXX_ACAAGCTA_L003_': ['/scratch/07467/jwr2735/neoant-pred/dna-fastq/XG2_PLB_p5_CL_Whole_T1_A2S4U_K03465_D1KLRACXX_ACAAGCTA_L003_R1_001.fastq', '/scratch/07467/jwr2735/neoant-pred/dna-fastq/XG2_PLB_p5_CL_Whole_T1_A2S4U_K03465_D1KLRACXX_ACAAGCTA_L003_R2_001.fastq', "" -R '@RG\\tID:XG2_PLB_p5_CL_Whole_T1_A2S4U_K03465_D1KLRACXX_ACAAGCTA_L003_\\tPL:ILLUMINA\\tSM:XG2' ""], 'XG2_PLB_p5_CL_Whole_T1_A2S4U_K03465_D1KLRACXX_ACAAGCTA_L006_': ['/scratch/07467/jwr2735/neoant-pred/dna-fastq/XG2_PLB_p5_CL_Whole_T1_A2S4U_K03465_D1KLRACXX_ACAAGCTA_L006_R1_001.fastq', '/scratch/07467/jwr2735/neoant-pred/dna-fastq/XG2_PLB_p5_CL_Whole_T1_A2S4U_K03465_D1KLRACXX_ACAAGCTA_L006_R2_001.fastq', "" -R '@RG\\tID:XG2_PLB_p5_CL_Whole_T1_A2S4U_K03465_D1KLRACXX_ACAAGCTA_L006_\\tPL:ILLUMINA\\tSM:XG2' ""]}"	[]
XG6	"{'XG6_PLB_p5_CL_Whole_T1_A2S4U_K03471_D1KLRACXX_AAGACGGA_L003_': ['/scratch/07467/jwr2735/neoant-pred/dna-fastq/XG6_PLB_p5_CL_Whole_T1_A2S4U_K03471_D1KLRACXX_AAGACGGA_L003_R1_001.fastq', '/scratch/07467/jwr2735/neoant-pred/dna-fastq/XG6_PLB_p5_CL_Whole_T1_A2S4U_K03471_D1KLRACXX_AAGACGGA_L003_R2_001.fastq', "" -R '@RG\\tID:XG6_PLB_p5_CL_Whole_T1_A2S4U_K03471_D1KLRACXX_AAGACGGA_L003_\\tPL:ILLUMINA\\tSM:XG6' ""], 'XG6_PLB_p5_CL_Whole_T1_A2S4U_K03471_D1KLRACXX_AAGACGGA_L006_': ['/scratch/07467/jwr2735/neoant-pred/dna-fastq/XG6_PLB_p5_CL_Whole_T1_A2S4U_K03471_D1KLRACXX_AAGACGGA_L006_R1_001.fastq', '/scratch/07467/jwr2735/neoant-pred/dna-fastq/XG6_PLB_p5_CL_Whole_T1_A2S4U_K03471_D1KLRACXX_AAGACGGA_L006_R2_001.fastq', "" -R '@RG\\tID:XG6_PLB_p5_CL_Whole_T1_A2S4U_K03471_D1KLRACXX_AAGACGGA_L006_\\tPL:ILLUMINA\\tSM:XG6' ""]}"	[]
XG7	"{'XG7_PLB_p6_CL_Whole_T1_A2S4U_K03466_D1KLRACXX_CTGTAGCC_L006_': ['/scratch/07467/jwr2735/neoant-pred/dna-fastq/XG7_PLB_p6_CL_Whole_T1_A2S4U_K03466_D1KLRACXX_CTGTAGCC_L006_R1_001.fastq', '/scratch/07467/jwr2735/neoant-pred/dna-fastq/XG7_PLB_p6_CL_Whole_T1_A2S4U_K03466_D1KLRACXX_CTGTAGCC_L006_R2_001.fastq', "" -R '@RG\\tID:XG7_PLB_p6_CL_Whole_T1_A2S4U_K03466_D1KLRACXX_CTGTAGCC_L006_\\tPL:ILLUMINA\\tSM:XG7' ""], 'XG7_PLB_p6_CL_Whole_T1_A2S4U_K03466_D1KLRACXX_CTGTAGCC_L003_': ['/scratch/07467/jwr2735/neoant-pred/dna-fastq/XG7_PLB_p6_CL_Whole_T1_A2S4U_K03466_D1KLRACXX_CTGTAGCC_L003_R1_001.fastq', '/scratch/07467/jwr2735/neoant-pred/dna-fastq/XG7_PLB_p6_CL_Whole_T1_A2S4U_K03466_D1KLRACXX_CTGTAGCC_L003_R2_001.fastq', "" -R '@RG\\tID:XG7_PLB_p6_CL_Whole_T1_A2S4U_K03466_D1KLRACXX_CTGTAGCC_L003_\\tPL:ILLUMINA\\tSM:XG7' ""]}"	[]
